,0,1,2,3,4,5,6,7,8
0,1.0,1.788944551343751,-0.4727159973508468,-2.2352204758608036,-0.4958987327276142,0.0,19.0,9.0,0.0
1,1.0,0.44807880226546026,-2.215187510793666,-1.3953228072333255,0.08593519346213074,1.0,10.0,5.0,0.0
2,0.0,0.8295946616123958,1.070960262711573,-0.5383694989645854,-0.4182756558590984,0.0,10.0,10.0,1.0
3,0.0,0.22748480336790966,-1.0634527928684747,0.418868656082998,0.8319511998432003,0.0,5.0,5.0,1.0
4,1.0,0.6708390174415557,-0.31014620701719664,-0.5137313326486337,0.7503504779041492,0.0,11.0,10.0,0.0
5,0.0,-0.10982969078609228,-0.3223245201449193,0.27956101552002127,2.1244644025163026,0.0,4.0,7.0,1.0
6,1.0,0.4120078191283796,-1.2274729186878548,-0.7602420212608696,0.39913467672239666,0.0,4.0,10.0,1.0
7,1.0,1.633331368511778,0.05155229247340448,-0.54490724245759,0.12260540552956783,0.0,10.0,10.0,1.0
8,0.0,0.31180058640943786,-1.8823551873526618,0.20627877892912597,-0.3659962726988176,1.0,1.0,10.0,1.0
9,0.0,1.0290667547105896,-1.6108437896486694,-0.15379960729538952,0.9792314823759521,0.0,2.0,10.0,1.0
10,0.0,1.6995117423238715,-0.34784238400780404,-0.05105410627664331,0.8816992422940126,0.0,14.0,5.0,0.0
11,1.0,0.5821043824372363,0.22965772184861316,-0.22191809742770593,-0.9932987022810714,0.0,3.0,10.0,1.0
12,1.0,2.0573852350261683,0.6684786528530922,-2.3603312355264205,-0.8525288252910966,0.0,5.0,4.0,0.0
13,1.0,-0.05378893674568086,-0.48059553472208594,-0.7853902340559324,-0.20653323547644808,1.0,1.0,6.0,1.0
14,0.0,2.4634744605851986,2.2458411486951295,1.6591872160620047,2.551716326345046,0.0,40.0,10.0,0.0
15,0.0,-0.9022466536058593,-2.0345788999393104,0.325565744891262,0.9192648835564454,0.0,15.0,10.0,0.0
16,0.0,1.3319623508509446,-0.37418440179028833,-0.7334911160218048,-0.1265570494449595,1.0,5.0,10.0,1.0
17,0.0,0.331399177424606,0.984798390451556,-0.020469127459594578,-0.07086226582731359,0.0,3.0,8.0,1.0
18,1.0,0.015975080104978168,0.09601638335630042,0.1497016545536996,0.7602177908244107,1.0,4.0,10.0,1.0
19,1.0,-0.2805186936720764,-0.7550162534970566,-0.5586080452658515,0.5843428707709213,0.0,5.0,9.0,1.0
20,0.0,1.0808719324157152,1.0155735535342292,1.0340965907361863,1.1564310490215255,1.0,18.0,10.0,0.0
21,0.0,1.6145709914247202,0.4070346921009535,0.35635432735084893,0.3849305959669548,0.0,2.0,6.0,1.0
22,1.0,-0.5481194342687501,-1.041332443441367,-0.6409911249635399,-1.3323684831470652,1.0,15.0,5.0,0.0
23,1.0,-0.36585362292786416,-0.54942611265335,0.21184933974128445,0.3865761626990798,0.0,1.0,10.0,1.0
24,1.0,0.289300330804116,-1.1114880956415456,1.0189255906128718,0.5497334923768987,0.0,4.0,9.0,1.0
25,1.0,-0.9730290106749728,-0.34844266294973025,1.775218649086503,0.6068535381797915,0.0,4.0,10.0,1.0
26,1.0,-1.1706554252702015,-1.982021053012969,-0.9529262684024898,-1.6126783864123637,1.0,33.0,4.0,0.0
27,0.0,1.0281233623354562,-0.16092991823449931,0.2909902380642314,0.6790654388152971,1.0,6.0,10.0,1.0
28,0.0,1.229804201909177,0.46331316955635166,-0.03970291465700354,0.28801544952661545,0.0,0.0,8.0,1.0
29,0.0,-0.42664796052449727,-0.6510714115199463,-1.1403542375621465,-0.894697763096587,0.0,17.0,10.0,0.0
30,1.0,2.3588675001349584,-0.7474290227425275,0.36076756978674523,0.8131805260971732,0.0,13.0,7.0,0.0
31,1.0,-0.11582034313283285,-1.227628795389036,-0.6492255605272594,-0.3687920147396341,1.0,4.0,7.0,1.0
32,0.0,-0.17352618415776933,-1.8097228311830262,0.07252682315631011,0.3348058495749707,0.0,10.0,10.0,
33,1.0,0.060997230673767056,-0.035767151047188694,0.16685371443924088,2.3544880693398356,0.0,16.0,10.0,0.0
34,0.0,0.14803567223030722,-0.22879287044494348,-0.35300877206542547,-0.3142192976897613,0.0,10.0,10.0,
35,1.0,0.6214888762353181,0.02990169980422208,-0.6729489361279237,1.1015233934158815,1.0,10.0,10.0,
36,0.0,2.324831254556899,-0.2015142458208428,1.7737988302525318,1.7213439205591121,1.0,23.0,10.0,0.0
37,1.0,-0.787064641881714,-1.934974736068965,0.10986927228510579,1.1260035407031024,0.0,7.0,9.0,1.0
38,0.0,0.2322564296188085,-0.8211151734384776,-0.6660683706633205,0.6240485071992911,0.0,0.0,6.0,1.0
39,0.0,0.2043214135337137,0.39986287891312183,0.8537235494925263,1.0933148424391999,0.0,9.0,10.0,1.0
40,1.0,-0.7117533599520507,-1.4431652055058433,-0.45318156617922023,-0.34047604181051827,0.0,10.0,10.0,
41,0.0,0.09364152366941475,-0.06263507788254269,-1.1368791546324053,-2.067380376315662,0.0,10.0,10.0,
42,0.0,0.6076355685199091,-0.60525721809594,-1.0149356673194634,-0.9678200835722944,1.0,10.0,10.0,
43,1.0,0.6283481329203034,-1.991346831284858,0.1955339204787224,1.0822063185610173,0.0,10.0,10.0,
44,0.0,0.8898480255762256,-1.7536232761828967,-0.07489999431764341,0.416390331812879,0.0,10.0,10.0,
45,0.0,1.3064500643808055,1.0943803136379548,-0.5907372068187656,0.3812686668533486,0.0,10.0,10.0,
46,0.0,-1.8278731012493723,-3.468610592408964,-0.49840726232251287,0.19991317900758865,0.0,10.0,10.0,
47,1.0,3.8840517139315196,3.223457372573531,0.9933229059782198,0.42920284112577667,1.0,10.0,10.0,
48,1.0,0.00966447984888652,-0.3335005158967974,1.0912681277055167,0.835537747021025,1.0,10.0,10.0,
49,1.0,-1.237892212890316,1.0835916923116957,-0.9000235552283607,-0.7422598294536945,0.0,10.0,10.0,
50,0.0,0.9436661217068094,0.928418461795788,0.05012271413891448,0.9766038920471016,1.0,10.0,10.0,
51,0.0,0.5368131380579657,-0.3744976992575981,0.03491270104926323,0.7520061504909525,0.0,10.0,10.0,
52,0.0,1.1191816601700484,-2.890638848968448,-1.8005272871199625,-0.28266741557728847,0.0,10.0,10.0,
53,0.0,1.644835153357691,-0.6626617067555431,2.153027151263386,2.7911217469797425,0.0,10.0,10.0,
54,1.0,2.610065704967817,0.7105185349605097,1.102360604385259,2.1499846000482012,0.0,10.0,10.0,
55,1.0,0.19272232859501515,1.2316591459590882,-0.06732944579897014,1.1780169919247665,0.0,10.0,10.0,
56,1.0,0.5513581648567097,-0.06995218358549321,1.2214302750435682,0.49171125753290634,1.0,10.0,10.0,
57,1.0,1.1009771803094535,-0.6246424452746631,-0.4994636566872928,0.20719512900729692,0.0,10.0,10.0,
58,0.0,1.4714325880871044,-1.5701824127742428,3.3894163393328958,0.8330691828843608,0.0,10.0,10.0,
59,1.0,0.7868614146073623,-0.7400668356272249,0.3392190761794815,0.8809133741914172,0.0,10.0,10.0,
60,0.0,0.20703674960994783,-0.6395705795449611,-1.2433268187098208,0.7467511689515681,0.0,10.0,10.0,
61,1.0,0.9485669707448275,0.2574709773103782,1.477217418104809,0.8711943044731243,0.0,10.0,10.0,
62,0.0,-1.7356323969689837,-1.1448740339590697,-1.1997380662423625,0.6399947832426128,1.0,10.0,10.0,
63,1.0,-0.3643819865901816,-0.7751701059785309,-0.4790134211359553,-0.17479274869918682,1.0,10.0,10.0,
64,1.0,1.488491432949946,0.03329720978557904,-0.5060824486461191,0.3374234531397663,0.0,10.0,10.0,
65,0.0,0.793507236016721,0.22550981752475557,-1.5451926866726569,0.42840669507936485,0.0,10.0,10.0,
66,0.0,-0.3989746529314484,-1.8710575076070353,0.8180164872937303,2.5060013785863866,0.0,10.0,10.0,
67,0.0,0.5775630586410873,0.06086247574302034,4.074737188379324,2.7767603704965134,1.0,10.0,10.0,
68,1.0,2.0518367156809405,1.4083917023325756,0.087666056519434,0.3792268922065507,0.0,10.0,10.0,
69,1.0,3.1541486028321613,1.268016655124537,1.0150458794399329,2.4006982898821003,1.0,10.0,10.0,
70,0.0,-0.35755049624333335,1.1668454267734596,0.9929042932838755,1.247703282181158,0.0,10.0,10.0,
71,1.0,2.070910153519809,0.06185630759225419,0.3421973930639206,-0.48158202943796546,0.0,10.0,10.0,
72,1.0,0.7159873999733302,0.6616777717107933,-0.02408213957534865,0.5446672494230881,0.0,10.0,10.0,
73,1.0,0.7790507140082612,-0.48476695186581387,-1.3008569352609365,0.20069785027082715,1.0,10.0,10.0,
74,0.0,0.5796133524625036,-0.9571132150451305,0.863389310514986,1.838748658308441,0.0,10.0,10.0,
75,0.0,0.8933902861815053,0.13927458931907916,0.29357766768434995,0.4859269659364175,0.0,10.0,10.0,
76,0.0,1.1818301231826147,-0.6817374849963853,-0.6025012062184703,-0.6354599536482756,0.0,10.0,10.0,
77,1.0,0.1894186522931685,0.00422899088059564,-0.39972152334273914,2.333506281587033,1.0,11.0,8.0,0.0
78,1.0,1.5328512642921066,-0.31050162460788117,-0.0056116886880983475,0.17320506673780245,1.0,10.0,10.0,
79,0.0,-1.7341799817898025,-1.698908656588648,0.02341136631276717,0.4181526333998784,0.0,0.0,10.0,1.0
80,1.0,0.7866377584278751,-0.08573130829944922,0.46844494997306435,0.5532290788527119,0.0,10.0,10.0,
81,0.0,-0.6095527869684148,-1.4361658777493649,-0.22613356945279142,-0.4370911824724556,0.0,10.0,10.0,
82,1.0,0.2469476930909122,0.7351237117646559,-1.8673602849344033,-1.499381003986151,0.0,10.0,10.0,
83,1.0,1.888726999827247,-0.60962637939821,1.6031345714023908,1.675846792605288,0.0,10.0,10.0,
84,0.0,0.7897731408754232,0.15575049128813012,0.7642128189695486,0.7314411166629966,0.0,10.0,10.0,
85,0.0,0.5889024696268017,-0.7995991590961737,-0.7182760688587975,-0.25146789498316413,0.0,10.0,10.0,
86,1.0,0.8342443635840477,-0.0533381905846656,-0.582269103946748,-1.2528749451813175,0.0,10.0,10.0,
87,0.0,1.5388100932427036,1.7632250126056277,1.4040431671751885,0.6505874703868866,1.0,10.0,10.0,
88,0.0,0.7534861334443694,0.2794831012137396,2.5600792442402667,3.2410617122912635,0.0,10.0,10.0,
89,1.0,-0.37645685645855,-1.2852951383682039,-0.8330992669280419,0.40927735686973366,0.0,10.0,10.0,
90,0.0,0.33423909134151,0.14992644795637688,-0.5025314645631332,-1.30230196067926,0.0,10.0,10.0,
91,0.0,-0.766747278403366,1.6419491041016816,-0.4171328290832829,1.093055691535281,0.0,10.0,10.0,
92,1.0,-0.037279974636039825,-0.48171787251159015,-1.6089286348257423,-1.5927917847692856,0.0,10.0,10.0,
93,1.0,-0.12973688034293995,-1.7231454489875466,-0.637968093016428,-1.6193632987187434,0.0,10.0,10.0,
94,0.0,0.7802387291050598,0.08478609366546519,0.8387682080239196,0.9318274270071977,1.0,10.0,10.0,
95,1.0,0.006838004504116257,-1.0135267510944175,-0.420666157539979,0.7365619692030424,1.0,10.0,10.0,
96,1.0,3.0670517611324657,0.9295694527614926,0.18853509077425612,0.8426080289856839,1.0,10.0,10.0,
97,0.0,0.10404075826414527,0.5498585593293441,-0.020603490986506177,0.6202734986500138,0.0,10.0,10.0,
98,1.0,-1.2865768096012908,-1.4565545848497343,-0.2064055645060611,0.01802486175221285,0.0,10.0,10.0,
99,0.0,1.2219094540666129,0.5842104772930956,-0.23017228708515283,0.7990970088245812,0.0,10.0,10.0,
100,1.0,0.7654486785559422,-0.1554139711460944,1.2621175796563737,1.2747978047586506,0.0,0.0,10.0,1.0
101,1.0,2.3968765112785966,1.0379159327052552,-0.9091624287016961,0.3630663431806115,1.0,23.0,10.0,0.0
102,1.0,-0.20808964039039157,0.042251370896844886,0.12086519139086674,-0.42387417606427513,0.0,15.0,9.0,0.0
103,0.0,-0.07708179050510733,-0.9166791699470977,0.08765743867423977,0.5827637026749766,0.0,1.0,6.0,1.0
104,0.0,-0.09198768738612262,0.8596675784861547,-1.687237959663899,-1.55829986029811,1.0,3.0,6.0,1.0
105,0.0,1.6206285171407988,-1.5113184998205793,-0.9135011195281677,-0.1514242194282378,0.0,1.0,10.0,1.0
106,0.0,0.2856613284712104,-1.2426316178913044,-0.37236176965670015,0.848794084924757,0.0,4.0,10.0,1.0
107,0.0,1.5716152892433883,0.16554474404866693,-0.19630979799033407,0.13776920816972038,0.0,15.0,10.0,0.0
108,1.0,0.3695871854633653,0.684435294657789,-0.27055658475059585,0.3194641745841187,1.0,10.0,10.0,1.0
109,1.0,-0.2468628930585015,-0.3924163208603948,0.8781715851861647,1.3680755055333123,0.0,5.0,9.0,1.0
110,1.0,-0.2554171200373271,-0.39663208063561417,-0.17392720814795706,0.23338543623554864,1.0,10.0,10.0,
111,0.0,1.199933286490391,-0.025387172202042174,0.4285599491349315,0.8515558190530294,1.0,10.0,10.0,
112,1.0,-1.2942558495112406,-1.588982356357564,0.45563723655354543,0.5323744770420574,0.0,10.0,10.0,
113,1.0,-0.3737329349784628,-0.001925655921592051,-0.21566787953087022,0.8992934261596561,0.0,10.0,10.0,
114,0.0,1.190074497349527,0.22198323228826883,0.17125575507234134,0.3957194508268276,1.0,10.0,10.0,
115,0.0,0.6045903028886375,-1.718215545397867,0.3495486363326416,1.3823370150032526,0.0,10.0,10.0,
116,1.0,0.6993497710878585,-1.0127099973350897,1.5027932433362567,1.9945450577625925,0.0,10.0,10.0,
117,0.0,2.700934970409097,1.0623652493711073,0.4846986829015645,2.548322069068208,1.0,10.0,10.0,
118,1.0,-0.43619005297703195,-1.640398665769939,-0.09238359904811287,0.5898879092881538,0.0,10.0,10.0,
119,0.0,0.17591233211621327,-1.854989917040027,0.13016959339296474,0.5136034688662665,0.0,10.0,10.0,
120,0.0,-0.5358174172281227,-1.0405442044071593,0.7662334838433887,1.270655068468858,0.0,12.0,10.0,0.0
121,1.0,-0.5813228018851566,-0.747994171132108,1.098787949586932,3.7250595334238685,1.0,19.0,10.0,0.0
122,1.0,0.1034139562984272,0.29107688022584316,-0.6511112988706408,0.037101074025337355,0.0,10.0,10.0,
123,1.0,-0.14981713093846383,0.21361941048723915,0.11900185424818047,-1.613316738258249,0.0,1.0,8.0,1.0
124,0.0,0.6013715973107716,-1.0590098946758455,-0.17454124035144963,0.5103627493216545,0.0,4.0,10.0,1.0
125,0.0,-0.407649829577,-0.45706181098937826,-0.2094125870678914,0.8962396400512859,0.0,7.0,10.0,1.0
126,1.0,1.232318900731184,0.595882134883235,0.30064366243598717,1.7465852533618684,0.0,13.0,10.0,0.0
127,0.0,0.8854090534981485,-0.2741851340893869,0.675876166854737,0.9042161979066783,0.0,21.0,6.0,0.0
128,0.0,-0.26700518052702193,-1.612403989625164,-0.10683935916683378,1.8016036540452305,0.0,0.0,4.0,1.0
129,1.0,-0.5671081876090609,-0.7423811488601109,0.19754714174765048,-0.005221265633731043,0.0,12.0,10.0,0.0
130,0.0,1.9970778554288058,1.184975817014213,1.3718246936977745,1.2317540063130332,1.0,10.0,10.0,
131,1.0,2.052144618399778,1.522075321315859,0.27522099505154723,1.2207670719770498,1.0,10.0,10.0,
132,0.0,1.2631195400200006,0.5293746440076641,0.058893147206376326,0.4886576674401872,0.0,10.0,10.0,
133,0.0,0.5264443264030146,-0.23116828813510992,-0.1367914802526934,-0.5589892051093949,1.0,10.0,10.0,
134,1.0,-1.7159741085392493,-0.009886613912533426,0.12568919928480973,0.7522051773210663,0.0,10.0,10.0,
135,0.0,-0.021918564402878205,-0.9050500146361657,1.2675423500528715,0.8008187152223843,1.0,10.0,10.0,
136,1.0,2.619846092507851,0.7300059124237417,0.8377334808318981,0.8630050579376962,0.0,10.0,10.0,
137,1.0,0.42310984266022234,-0.14490390819774063,-0.37866113026422055,0.06305704726007566,1.0,10.0,10.0,
138,0.0,0.27345783447800953,-2.1000562509799563,0.2517444045318394,0.5396252857905461,0.0,10.0,10.0,
139,1.0,1.0539651297844603,-0.12639743586996935,0.2499396966415872,0.33495321989229965,1.0,10.0,10.0,
140,0.0,1.207842628947294,0.20471295015864593,0.6752590515718603,1.277116187257891,1.0,10.0,10.0,
141,1.0,-0.5536589775734546,-0.6343207174149156,0.11163820289275084,0.41231228498129613,0.0,10.0,10.0,
142,0.0,1.448491805575969,-0.012415793634808436,0.14802422717760766,1.9136306581597395,0.0,10.0,10.0,1.0
143,0.0,1.277809868037926,0.1460801157049062,0.008885790825991708,1.027312507624426,1.0,10.0,10.0,
144,1.0,2.2411501448340534,0.9281783933765706,-1.0030485431374254,-0.8070156517790085,0.0,1.0,7.0,1.0
145,1.0,1.0378142749806378,-1.045733141999981,-0.17118343602214442,0.2855419995817223,0.0,10.0,10.0,
146,0.0,-0.27029960147169874,-2.4462978249975658,-1.786104979684045,-0.12000938211926238,0.0,20.0,10.0,0.0
147,1.0,0.8392774698608525,-0.8536503685144998,-0.910308852795437,-0.6080438663774795,0.0,10.0,10.0,
148,1.0,1.3122514200621633,-1.0045038287946435,0.09297931489053131,1.629181712055793,0.0,10.0,10.0,
149,0.0,0.6058219441641955,0.7670293264770742,0.08162968775510739,0.012488634874774251,0.0,10.0,10.0,
150,0.0,0.5940786239602293,-0.558198936710696,-0.4325615535825306,0.46174692342308177,0.0,10.0,10.0,
151,0.0,1.156531122079485,-1.7165967006052014,0.09207126156491907,1.2575465019321108,0.0,10.0,10.0,
152,0.0,0.49108930321321353,1.8437685472811631,-0.09880334746918475,1.7669355770044004,1.0,10.0,10.0,
153,1.0,0.27889018817250855,-0.388810067556929,-0.44582783162741235,0.41395052798690357,0.0,10.0,10.0,
154,1.0,-1.7745488424527363,-0.4953369126751275,0.012468828463371568,-0.06781845082296745,1.0,10.0,10.0,
155,1.0,0.3026863574445837,0.6700719646031348,-0.5600823121914128,0.4212473495132224,1.0,10.0,10.0,
156,0.0,0.6908785361643975,0.4191713630451664,0.3727576695657824,-0.05029555541219943,1.0,10.0,10.0,
157,1.0,2.473056151433777,1.0530202640114585,1.9555311933310957,1.0514915121595712,1.0,10.0,10.0,
158,0.0,1.9306194102254985,1.9752435181820067,-0.3470657904203594,0.9292597552499886,0.0,10.0,10.0,
159,1.0,-1.0121531410460936,0.5130875203741128,0.6352579578553507,1.2087226778175237,0.0,10.0,10.0,
160,1.0,1.7512234768105523,0.10270936122339447,-0.5834112430780137,0.847635437457819,0.0,10.0,10.0,
161,0.0,-0.7281450905709876,-1.353100814147386,0.8714555298613088,1.6491783587430526,0.0,10.0,10.0,
162,1.0,2.0925703918363805,1.09639425606179,0.5320936749624731,1.6213967424092077,1.0,16.0,10.0,0.0
163,1.0,1.3682033898680004,0.7587497413401454,0.4992999538739116,0.48669050916994383,0.0,10.0,10.0,
164,1.0,-0.10739132874573531,0.004948431276980247,0.09587410748510472,0.3530118834374525,1.0,10.0,10.0,
165,0.0,0.8578063177350932,-0.6239886030040539,-0.16287193048853782,0.805545790153809,0.0,10.0,10.0,
166,0.0,-0.08789635553858632,-0.8322793666729211,-0.08509509366029544,0.39759845204012817,0.0,10.0,10.0,
167,0.0,2.3242983867019595,0.3589129119987597,-0.352051781354312,1.1356545373327127,0.0,10.0,10.0,
168,1.0,2.081720907617097,-0.2872452999399089,-0.15611786824743673,0.3023835328194415,1.0,10.0,10.0,
169,0.0,0.5446738905943669,-1.3395130779859294,0.18071307756910107,1.178299283270126,1.0,10.0,10.0,
170,0.0,0.35604356186954716,-0.04571328750932924,-3.451427161520652,-0.34968081981191756,1.0,14.0,10.0,0.0
171,0.0,-0.28588771185703077,0.3809287855381875,0.5644739926723629,0.5142133920963123,0.0,5.0,10.0,1.0
172,0.0,1.1912123742282965,0.3571863941345597,-0.9731621620227425,-0.26957793852758194,0.0,12.0,6.0,0.0
173,1.0,0.8530841910373158,0.9694830249195738,0.12217491923553626,0.16309610478264036,0.0,1.0,8.0,1.0
174,1.0,-0.3926937278086742,-1.2282102850401462,1.3754743303984505,2.08979354940579,0.0,2.0,10.0,1.0
175,1.0,1.1183031382412252,1.2855183199238491,-0.7625900982491741,0.8627791567783174,1.0,10.0,10.0,1.0
176,1.0,0.7720047680807319,-0.34061310123201133,0.42185339308163217,0.5590392081327713,1.0,10.0,5.0,0.0
177,1.0,-1.1484652397363788,-1.8504101126459265,-0.25505381838744684,0.18718308541581608,1.0,21.0,7.0,0.0
178,0.0,0.959220639788937,-0.6067127686039111,-0.8601882706020176,-0.5176450161741802,1.0,0.0,5.0,1.0
179,0.0,1.0608675445797462,0.028925112335087877,0.8755579509783518,1.084574579054299,0.0,8.0,10.0,1.0
180,1.0,2.59456768280612,1.7540691780077362,-3.0806981848529564,-1.8715328472818418,1.0,4.0,5.0,1.0
181,0.0,-0.8075076815141249,0.5763006927233147,-0.522549925339689,-0.47748204906783875,0.0,2.0,9.0,1.0
182,0.0,-0.18488102045531407,0.29454143251489767,1.580199223602111,2.088262400470505,0.0,9.0,6.0,0.0
183,0.0,0.6429936453633047,0.7956854091854728,-0.2517496533029281,-0.03906595122172041,0.0,3.0,10.0,1.0
184,1.0,0.3352284999501006,0.22672011412732868,0.10490829056810895,0.7917510820088891,0.0,14.0,8.0,0.0
185,1.0,0.7378091524268496,0.11919142572426505,-0.7891801083706077,0.33911995258158856,1.0,8.0,10.0,1.0
186,1.0,1.3594168714962338,-0.5004253888589375,-1.051962187174657,0.015474966615995234,1.0,4.0,8.0,1.0
187,0.0,-0.6300986309260916,-1.261767124440634,1.915254207979867,1.7406758335385955,0.0,0.0,4.0,1.0
188,0.0,1.5920801433751253,-0.6122354757687092,-0.39038726269335583,1.0130081144376073,0.0,7.0,6.0,0.0
189,1.0,-0.8693840867862541,0.02894972277224328,0.25178841483034864,0.8660602653463592,1.0,20.0,10.0,0.0
190,0.0,0.3117063639604451,-1.0899033802112046,0.7926730560943291,0.929064038223423,0.0,10.0,10.0,
191,0.0,-0.3879610976199541,-0.7816460170866153,2.971353628961997,1.746571037138993,0.0,10.0,10.0,
192,1.0,-0.3995779270055875,-0.623826365897852,0.056142725223999934,1.1337785357702908,1.0,10.0,10.0,
193,0.0,2.6566137610747282,0.09959246677512057,-1.8320959657055504,-0.3064911910897472,1.0,10.0,10.0,
194,1.0,-0.499692566500164,0.3262482028481291,0.7625279643082806,0.9367571486710626,0.0,10.0,10.0,
195,1.0,-0.3930433084936106,-1.502660484996145,-1.1996504030412887,-0.08903496620593887,0.0,10.0,10.0,
196,0.0,1.9434816182275858,-0.7453676131276439,-1.5466819216569037,-1.7043644604644053,0.0,10.0,10.0,
197,1.0,-0.3544579779754575,-1.23348334990869,2.627379359579083,2.7778787334226216,0.0,10.0,10.0,
198,1.0,0.8236510101637239,1.144247494913329,0.13784919402813103,0.5767912036619172,0.0,10.0,10.0,
199,0.0,1.6972771769621742,0.9587616393678424,0.9974670132417075,1.0432130858811934,0.0,10.0,10.0,
200,1.0,0.5974232799112238,-0.8102810451095178,0.12256478498571811,1.1431226432412585,0.0,10.0,10.0,
201,1.0,-0.6686593988814749,-1.2413338385132953,-0.06877615058312936,0.8500836896787094,0.0,0.0,8.0,1.0
202,0.0,0.5807422005729118,-0.8690920961775577,0.2277642436415809,2.110856966165519,0.0,10.0,10.0,1.0
203,1.0,0.19319736127928028,-0.05638858323503554,0.4968019184659163,0.8261440094765939,0.0,10.0,10.0,
204,0.0,2.611468032980648,2.1092809981659437,-0.07986129450444536,0.5836342386083881,1.0,22.0,10.0,0.0
205,0.0,-1.2786814523855363,-0.6802230840397302,-0.9997177750808685,0.23249093219664135,0.0,10.0,10.0,
206,1.0,0.6273589232207498,-0.6260481457110009,0.19763811297044268,0.8710256717548168,1.0,2.0,10.0,1.0
207,1.0,0.5871228199594165,-0.24715866045424512,0.321935697673761,1.3915480754673133,1.0,2.0,7.0,1.0
208,0.0,-0.06742051740774957,-0.30407650516654966,3.0743667407317754,2.1495318960441554,0.0,20.0,10.0,0.0
209,0.0,-0.030006787821291625,-0.331066437957847,0.0945832859248327,0.09026056074227762,1.0,10.0,10.0,
210,1.0,0.40167000261788954,-0.6546118173300086,-0.5799557649460025,0.25552699069996443,0.0,6.0,10.0,1.0
211,1.0,0.26676497882060723,-0.6556050515494668,-1.090151185963775,0.03628883508463476,0.0,9.0,4.0,0.0
212,1.0,-0.2514570295504922,-0.6266588951179083,0.09042808913475706,-0.5428810826306446,0.0,10.0,6.0,0.0
213,0.0,-0.08537068828028171,-0.6433974538770746,0.13526596516236075,0.6368938387293672,0.0,7.0,10.0,1.0
214,0.0,0.06450794647812025,-0.8790188689744551,-0.7329918924577502,0.22023698033427092,0.0,8.0,9.0,1.0
215,0.0,1.9039524094725828,0.555517500728222,-1.4380628072817667,0.03529231577271208,0.0,2.0,9.0,1.0
216,1.0,-0.6844266703578668,-1.560557233866961,-1.8372352764795077,0.32945763041844267,0.0,26.0,7.0,0.0
217,0.0,-1.0689005044912527,-0.9606979416260057,0.05836028476299587,0.15065369362265596,0.0,13.0,10.0,0.0
218,0.0,1.1324367159688538,0.3435610574231733,0.5667598137667734,0.6984852279276947,0.0,18.0,10.0,0.0
219,1.0,-0.6839508496897866,-1.4464486534846968,0.20932199202941104,0.3118177921885345,1.0,4.0,9.0,1.0
220,0.0,-1.3862638099337292,1.3093790363603497,-0.2992012546207235,0.5333002898959163,0.0,10.0,10.0,
221,1.0,-0.046659374957267685,0.8977089735000541,0.8693810565459725,0.8924845712762347,0.0,10.0,10.0,
222,0.0,-0.4425747958435431,-0.018220072534434695,0.3815855741752959,0.9395956488256271,0.0,10.0,10.0,
223,1.0,2.655434851792796,0.5770665661960739,0.5409162972620231,0.7877609568970698,0.0,10.0,10.0,
224,0.0,-1.5154760121490876,-1.193185635512243,-0.27253258325384405,0.521762176614692,0.0,10.0,10.0,
225,0.0,0.9009356470190385,0.19724216531862854,-0.4430419641031389,0.4468268073439916,1.0,10.0,10.0,
226,1.0,1.9376469087756516,0.06104061384263765,0.004196666086106555,-0.352938430642439,1.0,10.0,10.0,
227,1.0,0.4086778990877997,-1.4907939197145617,2.008621733083752,1.9632522029092083,0.0,10.0,10.0,
228,1.0,1.0937464514639308,0.27634938991984864,-0.3658234239665865,0.641418951904278,0.0,10.0,10.0,
229,0.0,2.334017126628269,1.8021779910694915,-0.21461802820526218,0.5703247904636389,1.0,10.0,10.0,
230,1.0,0.03455721316520771,0.05253677752407426,0.23173380826907936,0.712853086951892,1.0,10.0,10.0,
231,0.0,0.2907449663175224,-1.130760098766314,-0.06030390802592525,0.6869073748576957,0.0,10.0,10.0,
232,0.0,1.033521650113639,0.5338153464016091,-2.6753264110756088,-2.8955775044532697,0.0,10.0,10.0,
233,1.0,1.3847688572493504,1.0364448280221485,-1.0666289066667392,0.34778396504317377,0.0,10.0,10.0,
234,1.0,-1.5895376477132324,0.006004909132469871,3.510850106408796,3.0866342569320397,0.0,10.0,10.0,
235,0.0,-0.016037124272966552,1.3324668320850452,-0.07001764901254566,0.8407505436726739,0.0,10.0,10.0,
236,0.0,0.7510988164734294,-2.3138337798993325,-0.39580443491154865,0.20329204861730205,0.0,10.0,10.0,
237,1.0,0.8351926985606076,-0.14717699047113775,0.12324610838124227,1.1314517414274894,1.0,10.0,10.0,
238,1.0,0.19664134659423838,0.5592935399213186,0.21871667833460995,-0.14140874701750294,0.0,10.0,10.0,
239,0.0,0.08810691391496117,-0.9073358829963352,0.05250905793099486,1.6504918657009506,1.0,10.0,10.0,
240,1.0,0.4862144154375529,-0.5918911760448822,0.319016650341988,0.8458838491028801,0.0,10.0,10.0,
241,0.0,1.3995841173152885,-0.41107927699983876,0.05642306309673397,0.16741446092108098,0.0,10.0,10.0,
242,0.0,1.2664351399591238,0.46624824473628707,-0.669092467014392,0.02313751943293474,0.0,10.0,10.0,
243,1.0,-0.5403113461762394,-1.196614021846652,0.06721258798251847,-0.0643870052973079,0.0,10.0,10.0,
244,0.0,2.879627814649034,0.920653032106671,0.6008116330529363,0.547514084621131,0.0,10.0,10.0,
245,1.0,1.0182539099012862,0.2407728685646135,-0.27711097568687265,0.6258045972221188,0.0,10.0,10.0,
246,0.0,0.6777931901944391,1.5840892022973745,0.7604150344756292,1.9031141843253838,0.0,10.0,10.0,
247,0.0,2.044491023749461,-0.39748197389215845,-0.2858043861471121,-0.400343932837406,0.0,10.0,10.0,
248,1.0,0.9534247812374276,1.1582070740506454,0.08426558067497499,1.7345191486964526,0.0,10.0,10.0,
249,1.0,-0.24910464164714607,-0.9025511085048392,-0.49583403368559276,0.7727361733126777,0.0,10.0,10.0,
250,0.0,0.8310466629886498,1.7032640040747518,-2.909513336858052,-3.3762131626863785,0.0,18.0,3.0,0.0
251,1.0,0.8300973769393609,-0.27291677538038683,0.158421401604439,0.5236457440414285,0.0,10.0,10.0,
252,0.0,0.29847248716450364,-1.5241656424870134,-0.99719865142108,-1.171855137379576,0.0,10.0,10.0,
253,1.0,0.761845028965061,0.2883635583423229,-0.6039192060436754,0.5545090334808617,0.0,10.0,10.0,
254,0.0,-0.015061133502714097,-0.7525205313633239,-0.5387698715091443,0.40200877316231415,1.0,10.0,10.0,
255,0.0,0.5914851691361579,-0.05857406838461715,-0.5256456905560054,-0.4757368918777126,0.0,10.0,10.0,
256,1.0,0.8701411375554176,2.309075085021263,0.36382328082064264,1.5001728636364353,0.0,10.0,10.0,
257,0.0,0.6741968140044429,-0.45357976568798364,0.31549242814020606,0.9195569934956909,0.0,10.0,10.0,
258,1.0,-0.4299585425257121,-1.2963375082686466,2.907129864112327,4.798010148023014,0.0,10.0,10.0,
259,1.0,0.8587417726136086,-0.9434782251469374,0.07833571096825186,-0.2780265607856629,1.0,0.0,9.0,1.0
260,1.0,0.021725377216419428,-0.05650242991788146,0.11494047993484013,1.31629807838882,0.0,13.0,8.0,0.0
261,0.0,0.6152113099967773,0.7058357089087555,-0.17324722893225789,0.5623938099895179,0.0,1.0,7.0,1.0
262,0.0,1.9029596802594275,-0.5306900684483195,-0.8556085462755825,0.49385066342670225,0.0,20.0,9.0,0.0
263,0.0,-0.867305143323102,-0.9886242611229461,0.1255970457750101,-0.6016618433684014,1.0,7.0,9.0,1.0
264,0.0,-0.9893008009580853,-1.493482443179318,-0.021897479009236793,0.7762007544685381,1.0,5.0,10.0,1.0
265,1.0,-1.5921255096776137,0.41902783562811635,-0.7023869043183341,-0.5742950057316994,0.0,13.0,9.0,0.0
266,0.0,-0.7237319439607124,-0.5588298687209853,-0.2559524242662389,1.552899137670654,0.0,3.0,8.0,1.0
267,1.0,-1.1586510604225302,-1.2957129645288694,-0.585053725736949,-0.11260233622268145,1.0,13.0,10.0,0.0
268,1.0,1.9373764195448977,0.49193593394274665,-2.8675586411683818,-0.3085242323172792,1.0,3.0,10.0,1.0
269,1.0,0.6245739052928846,0.9676122941895187,0.42074401270266676,0.9062494236278957,0.0,16.0,10.0,0.0
270,1.0,0.7477037285436756,0.5562633673533033,-0.42944152169971406,0.2472585461548888,0.0,10.0,10.0,
271,1.0,1.2078584599798485,0.13025837453316114,0.9235467895065582,0.6653558674033909,1.0,10.0,10.0,
272,0.0,-0.3714567797647925,-2.518593912289291,0.32273889562256114,0.6763156692340719,0.0,10.0,10.0,
273,1.0,0.2403795003181305,-0.15579846654053567,-1.5568597087488887,-0.3299917865358615,0.0,10.0,10.0,
274,0.0,0.23081187827327965,-0.5144031758263532,-1.5576908260164497,-1.1655415682766237,1.0,10.0,10.0,
275,0.0,0.6683278257516132,-0.7524433865655866,1.035856385453478,1.4945687315503022,1.0,14.0,10.0,0.0
276,1.0,0.7128333354055562,0.30539895579884385,-1.8522459496858967,-0.3920304757341956,0.0,10.0,10.0,
277,1.0,1.4900315038051517,-0.43604711622698167,-0.2758963628073181,-0.08719997251834977,0.0,10.0,10.0,
278,0.0,2.411394309284175,2.774095889359752,-1.1684264270037867,0.005201947791860451,0.0,11.0,10.0,0.0
279,0.0,1.1729657707879713,0.19968063093478067,-1.0810536024035842,-0.02907255517493923,1.0,0.0,6.0,1.0
280,0.0,1.5818858377331555,-0.3936123307232026,-1.7133978932941192,-1.128846845296089,0.0,15.0,9.0,0.0
281,0.0,-0.960827004121753,-1.40024951696112,-0.8387823977916966,0.48646191594160126,1.0,17.0,5.0,0.0
282,1.0,1.1590506064267776,-0.05302783168991326,0.2150495913786185,0.18592464456621655,0.0,1.0,8.0,1.0
283,1.0,0.43583535833966763,-0.2817161083041006,1.171088373648293,1.8101746831262524,0.0,22.0,7.0,0.0
284,1.0,0.12835041411960568,-0.5395694047413466,0.11881056366616806,0.6210045114998266,0.0,1.0,10.0,1.0
285,0.0,0.24119772113085558,-1.4530663278645555,-0.00035176876217983164,-0.018193178627723627,0.0,3.0,8.0,1.0
286,0.0,0.3250597004342315,-0.9341533101270818,-0.8262341145153512,-0.15763325547467588,0.0,1.0,10.0,1.0
287,1.0,2.676226455547654,0.6782324475617167,-0.5798967383884356,0.16508885680062618,0.0,10.0,9.0,0.0
288,1.0,0.8911611047098175,0.35667701594910467,-0.2955940012515742,0.549765772452733,1.0,17.0,10.0,0.0
289,0.0,1.0162221923816004,0.34977069721949566,-0.06242390302049204,-0.1974124349801729,0.0,0.0,10.0,1.0
290,0.0,0.9138626798747047,-0.06404693034538983,-0.005635251159301088,0.3538093622131402,0.0,5.0,10.0,1.0
291,0.0,0.6973949014443614,-1.0612366919204608,-0.7355276108927169,0.5192793208453669,1.0,0.0,3.0,1.0
292,1.0,-0.5803858331881993,-1.8660560979263223,0.3496475837645955,0.6677520852205477,0.0,1.0,10.0,1.0
293,1.0,0.13577961888930679,-0.44586489135079277,1.0321360036257052,0.862062221000588,0.0,12.0,10.0,0.0
294,1.0,1.054643917236386,-0.573648987916009,0.5285583701062831,2.643870058866182,1.0,25.0,7.0,0.0
295,0.0,0.2782240791263526,0.2739510070079348,-0.6349994370631309,1.4515998810638702,1.0,17.0,10.0,0.0
296,0.0,1.1637460716006593,0.8036770084609124,0.2960807291909779,0.15246829555906666,0.0,18.0,10.0,0.0
297,1.0,0.059624404789877405,-0.954471670856925,-0.012260477091364888,0.48459688938507217,1.0,4.0,10.0,1.0
298,0.0,0.23600935933315553,0.510399959669048,-0.04360116777422676,-0.33877175484294475,0.0,4.0,5.0,1.0
299,1.0,0.2828007635945223,0.8028403697366697,0.11751274413489694,0.730842897651731,0.0,2.0,10.0,1.0
300,0.0,-0.6679839020166747,0.280221783474714,0.17011562828090482,0.9757861954212939,0.0,5.0,10.0,1.0
301,0.0,-0.6654271978708812,-1.6054435634992004,0.6878073533155553,0.7648310152379922,0.0,0.0,6.0,1.0
302,1.0,1.6281025137221223,0.4926664163800895,0.06296841339674737,0.40593934028814266,0.0,13.0,8.0,0.0
303,1.0,-0.41812462515828863,-0.5210855899787528,0.10034831708266566,1.3504536507584004,0.0,7.0,9.0,1.0
304,0.0,1.8414352788521868,0.14829087195558666,0.0890341987532603,1.1515128544219835,0.0,7.0,10.0,1.0
305,0.0,0.6657741947662353,0.5234783698719794,-0.8021516459857126,-0.11061404334308167,0.0,4.0,10.0,1.0
306,0.0,0.020525102427151,-1.0413980816639983,-0.5021860556591661,0.07073351973846065,1.0,11.0,9.0,0.0
307,1.0,-1.1047364108288642,-0.22788630933018048,0.7426626728183886,0.3771447159666823,0.0,4.0,10.0,1.0
308,1.0,1.273999985773557,-0.55900850702491,-0.2901389443497132,1.0243659001263523,1.0,14.0,8.0,0.0
309,1.0,1.124901158482368,0.5104750179098629,0.35055795343558677,0.6806250388318295,0.0,30.0,10.0,0.0
310,1.0,0.7706649362106957,-0.1292105072997701,0.1078954659029925,1.260357078088864,0.0,10.0,10.0,
311,0.0,-0.23034868859786817,-1.5056220151538489,-1.1146535047059554,0.10159441930398838,0.0,10.0,10.0,
312,0.0,0.4796977190455871,-1.4165396194274404,-1.755298480120472,-1.4457461229619306,1.0,10.0,10.0,
313,1.0,2.1891961284953187,2.5571489282894997,-0.6187426781031639,-0.15407934643359433,0.0,10.0,10.0,
314,0.0,0.14893696947450424,-1.6352079392079766,-0.2745172614934829,0.14264634483296074,0.0,10.0,10.0,
315,1.0,0.34413976542567026,0.27207986257440814,-0.13637250615289212,1.1088232322660585,0.0,10.0,10.0,
316,0.0,0.33066741897977536,1.4597367768491614,0.3925149391701688,-0.07324536924096625,1.0,10.0,10.0,
317,0.0,1.2244595570542247,0.4863363820732896,1.3737504905410003,0.36060749527131475,1.0,10.0,10.0,
318,1.0,0.5417748564731989,0.0979941426756239,0.9709771702242358,0.8230461265384384,1.0,10.0,10.0,
319,1.0,0.4546372762556727,-0.37819802393079593,0.5524704005351359,2.2057234712006384,0.0,10.0,10.0,
320,1.0,-0.46012339481034126,-1.6915959397526743,1.1424707224822779,0.6568291000015136,0.0,10.0,10.0,
321,1.0,-0.43486377366325146,-2.5910100314917175,0.7099786056399726,0.7641465572661486,1.0,10.0,10.0,
322,0.0,0.3533261583177696,-0.7428988613816453,0.7880833537143841,2.0608864788529684,1.0,10.0,10.0,
323,1.0,1.8664365155188725,1.4032265505307742,0.245354062895051,0.7917128432224102,1.0,10.0,10.0,
324,0.0,0.6479657174630804,0.4258864938492382,0.022838121981679272,1.039899593345269,1.0,10.0,10.0,
325,1.0,0.10255983398109725,0.8804376879503084,0.3630409707337375,0.9733142939934798,1.0,10.0,10.0,
326,0.0,-0.4429768860925145,-0.6354718461512971,-0.5764300642783564,1.4344463453710476,0.0,10.0,10.0,
327,0.0,-0.9823371835066896,0.041659826533077704,-0.06407117189291843,0.5016973363042814,0.0,10.0,10.0,
328,1.0,1.1667822189721306,1.3113649278391901,-0.14727632586687778,0.5186667622946888,0.0,10.0,10.0,
329,0.0,2.458429996544547,1.1935118001354188,0.9342129827479128,1.9972638475397417,1.0,10.0,10.0,
330,1.0,2.3472310744270612,0.5047427900551316,1.6652412662449916,1.7123568690522029,0.0,32.0,10.0,0.0
331,1.0,1.06784431419049,-0.17064783912090148,0.36246277178275177,0.8779380317735839,0.0,5.0,10.0,1.0
332,0.0,0.014460786727403141,-1.241812688121579,0.3950846455864276,0.2152168819447537,1.0,0.0,3.0,1.0
333,1.0,-0.3387764494568063,-1.0277742355312882,-0.8985021234839901,-0.7898769071069375,0.0,17.0,10.0,0.0
334,1.0,-1.3086117570054112,-0.6413118362587309,-0.8074041552635252,0.3166408830017924,0.0,1.0,7.0,1.0
335,0.0,0.7586500171583862,0.7899594178305378,-0.7124778036840584,-0.01449885741884871,0.0,5.0,10.0,1.0
336,0.0,1.0810753841341065,1.10933902894168,0.06383250515465569,0.37851516019513953,0.0,1.0,6.0,1.0
337,0.0,-0.17713084814664126,-2.716466275015957,0.1695209829124807,0.5378520894021133,1.0,4.0,9.0,1.0
338,0.0,-0.4490241873207217,0.37820857326886786,-0.16221116523146473,0.09306783358924053,0.0,10.0,10.0,1.0
339,1.0,1.051500492784021,0.18875657579055466,0.02417118282352685,1.6757202927519956,0.0,10.0,8.0,0.0
340,0.0,1.261510279290167,-0.8420623153261872,-0.6000577463068638,0.12676605245719658,1.0,10.0,10.0,
341,1.0,1.1583024116717133,-1.075202352482848,0.09291903867049148,-0.11516766415120683,0.0,10.0,10.0,
342,1.0,0.7586985724921569,0.3447538899478691,-1.2001575829518885,-0.9167723842037935,1.0,10.0,10.0,
343,1.0,1.2999077786156192,-0.9739086238821888,-0.23863828605035667,0.061922854477784006,0.0,10.0,10.0,
344,0.0,1.5983680100082942,0.17855607897197906,-0.09632196193012312,0.49718771402619166,1.0,10.0,10.0,
345,0.0,0.3313295896156824,-0.4827966466075877,0.2676315791878221,0.42782395170572934,0.0,10.0,10.0,
346,1.0,-0.007340016831348883,-1.261039975124447,-0.7924296619719513,-1.3885946579590658,0.0,10.0,10.0,
347,0.0,2.0800686087887796,0.9453939334222985,1.316377751279012,1.465827020330102,0.0,10.0,10.0,
348,1.0,-0.8234845947265959,0.3940120410907671,1.1702636650459806,1.0888279823666176,1.0,10.0,10.0,
349,0.0,1.863713436900434,-0.05560676511573909,0.06671409206078575,0.712863683190947,1.0,10.0,10.0,
350,1.0,0.7833781851570814,0.7936144200911919,-0.05757165069675423,0.6399162149743699,1.0,10.0,10.0,
351,0.0,2.205726415522416,-0.5191388862925048,0.17237872178250707,0.10623390512217074,1.0,10.0,10.0,
352,0.0,0.9704749215152277,0.3926469342017412,-1.0514027308618066,0.2220815000856517,0.0,10.0,10.0,
353,1.0,1.359234206406212,0.9511728945572717,0.1830908329719267,0.022060675036948307,0.0,10.0,10.0,
354,0.0,-0.6578961637735161,-1.4525904468157254,-2.1605636466540714,-0.8635844702483965,0.0,10.0,10.0,
355,0.0,0.7538642066891509,-0.4663245189890458,0.26460414964125284,0.8963079631533742,0.0,10.0,10.0,
356,1.0,-0.47495458963888204,-1.984436033367126,-0.08606416431710151,0.10680078918764968,1.0,10.0,10.0,
357,1.0,1.4800688450995316,0.8969042907833409,0.788050572155039,0.47081440232507754,1.0,10.0,10.0,
358,1.0,1.9346510016047807,0.7142463152488514,1.7608520441284954,2.6003953292931516,1.0,10.0,10.0,
359,0.0,0.7431068332095495,-1.366771545523193,-0.4325595708943712,0.5122078478808707,0.0,10.0,10.0,
360,1.0,0.9384864755654887,-0.36719483128068436,-0.24888149713561308,0.4142682391027174,0.0,10.0,10.0,
361,1.0,0.24559752656045647,-1.1721617216678326,-0.8167930199995327,-0.11277243649918567,0.0,10.0,10.0,
362,0.0,-0.15122669643003228,1.0694896437247874,0.0010046133273889665,0.566466988504315,0.0,10.0,10.0,
363,0.0,1.2591557553802475,-0.6593606119283024,0.07512290938186723,0.703028105993225,1.0,10.0,10.0,
364,0.0,2.1132768725439375,0.723446395195658,-0.8916296425686113,0.6642037690304036,0.0,10.0,10.0,
365,1.0,2.635456426717054,-0.0564918100544472,0.6195799808645579,0.8551650396073289,0.0,10.0,10.0,
366,0.0,1.2113462485409405,-0.9296661459298492,1.3313874235326908,1.6523849649357012,1.0,10.0,10.0,
367,1.0,0.153087007050129,0.2526640826569379,0.02961775421523259,-0.6094636360245248,0.0,10.0,10.0,
368,1.0,0.31058224700934944,0.11366900702933991,0.2308273130792743,0.7690551671078266,0.0,10.0,10.0,
369,0.0,1.037826801841618,1.0315817421719147,0.7395604922086194,1.0376090656841501,0.0,10.0,10.0,
370,1.0,1.4410120404282627,0.5670226387547634,-0.28380068932771,0.410606935974187,0.0,10.0,10.0,
371,0.0,2.688372822686602,-0.8079663443331978,-1.3319936960348169,-0.706606627301059,1.0,1.0,5.0,1.0
372,1.0,1.9078879080093412,1.0607392598017549,-0.42170909261287937,0.3557047895821278,0.0,10.0,10.0,
373,1.0,0.310920171662314,-0.5150437611631458,2.7838546369139587,1.959568429428126,1.0,13.0,10.0,0.0
374,0.0,1.0071564434643245,-0.5022913320012259,-0.024019881551704307,0.8198855941613212,0.0,10.0,10.0,
375,0.0,0.5908136852543274,0.8297850711684334,0.08009079874874699,0.4576121297752276,0.0,10.0,10.0,
376,1.0,0.5133905968344235,1.3467071810937687,-0.6466199113242617,0.5185492044687963,0.0,10.0,10.0,
377,0.0,0.9367220811222159,-0.6358550781301493,0.7254318575927794,0.7087753835906179,1.0,10.0,10.0,
378,0.0,0.2811832609260938,0.17902540030581832,0.10831439615144357,0.29278552217221915,0.0,10.0,10.0,
379,1.0,1.1287154776910113,-0.13845682117145555,0.820196772444436,0.7375180899407571,1.0,10.0,10.0,
380,0.0,-0.3276412312995871,-1.1581466391967414,0.09395774033201933,1.058754841646609,0.0,8.0,10.0,1.0
381,1.0,-0.5793412654404537,-0.6165100180005856,-0.034980742397654585,0.3749872687355321,0.0,10.0,7.0,0.0
382,1.0,0.2214843113809154,-0.9092163295051854,-0.048178404385056,0.7464335705770684,0.0,2.0,10.0,1.0
383,1.0,2.277830684637639,0.851679822612498,0.0077911476552381806,-0.20981077079040966,0.0,8.0,9.0,1.0
384,0.0,-0.2396278169689101,0.5981034349378573,0.677425191911909,2.371801021126645,0.0,5.0,10.0,1.0
385,1.0,-0.031645670093768064,-0.7746695226128779,0.664009694883029,0.8340022913332116,0.0,0.0,10.0,1.0
386,0.0,-0.12292600275927612,-1.375257499392121,-0.8657052396053846,0.06478641825022091,0.0,7.0,10.0,1.0
387,0.0,-0.8461231777422615,-0.49889367092804315,-0.10955596836432842,0.06788150969721951,0.0,0.0,6.0,1.0
388,0.0,0.18623479970812534,0.04905554593764033,-0.9485063017132801,0.6565239503530015,0.0,4.0,10.0,1.0
389,1.0,0.5061984147132617,0.6117871792855261,-1.8550186421538188,-0.6169732189817484,0.0,9.0,8.0,0.0
390,0.0,0.03832704469148074,-0.2789050313859416,-2.5609145566379814,-1.3183807866114683,1.0,10.0,10.0,
391,0.0,1.2358547516088696,-0.05999307378364693,-0.6127951634253419,-0.011435122045446722,0.0,10.0,10.0,
392,1.0,-0.13772661925653928,-0.5990810632032146,0.1770077615045763,0.7696557144239936,1.0,10.0,10.0,
393,1.0,0.5285168793081856,0.3780124765386374,0.24952043884600464,0.48537315091893424,0.0,10.0,10.0,
394,1.0,1.6952956897567877,-0.793792186154153,1.0665709694327485,0.8426778988129171,0.0,10.0,10.0,
395,0.0,1.6330529209579394,1.720842281608624,-0.3283736862978406,-0.4038621972531241,1.0,10.0,10.0,
396,0.0,0.9734105453559074,-1.0201709809265447,1.361649597982499,0.5791637580031549,0.0,10.0,10.0,
397,0.0,-0.1539890008645357,-1.9624548009027516,0.3178595989290399,0.6349949547077794,0.0,10.0,10.0,
398,1.0,1.157434972550053,-0.4482123056588966,-0.3309177805763062,-0.18828675468160683,0.0,10.0,10.0,
399,1.0,0.6909081407187658,2.372157325251066,-0.12085122853580109,0.8388040940122214,0.0,10.0,10.0,
400,0.0,-0.3261432221714686,0.7378431900243161,-0.1335296577628974,-0.12431484055183073,1.0,13.0,7.0,0.0
401,1.0,1.8980939025104484,0.05870774950665508,-0.38960261787015377,-0.22826078338116917,0.0,4.0,7.0,1.0
402,0.0,0.4233477660111926,0.30090133218581777,-0.017929704598514288,1.1389418279296732,0.0,1.0,8.0,1.0
403,1.0,1.228075977343392,0.0924633289418102,-0.013190158307412214,0.5732598602062978,0.0,9.0,10.0,1.0
404,0.0,-0.6800530705504624,-1.6874533971843937,0.24385320954084447,0.7850766977346753,0.0,5.0,10.0,1.0
405,0.0,0.43933489098732403,-0.5303875086735541,-0.15604376445494855,0.33651468340087554,0.0,7.0,10.0,1.0
406,1.0,0.45997246744991455,-0.19092559709521018,-0.7696583062694193,0.16515945494303008,0.0,7.0,8.0,1.0
407,1.0,-0.901289933487327,-1.8802508627114607,0.1445363410931657,0.5074483353184112,1.0,8.0,7.0,0.0
408,0.0,0.6393781526895633,-0.7142876037589535,0.683635805181684,0.681241106532041,0.0,2.0,10.0,1.0
409,1.0,0.42742572699417236,0.38637451452720456,0.8333981315293293,0.48217011733179493,1.0,7.0,8.0,1.0
410,1.0,0.6896351197112919,-0.3089400992776061,-0.8083396507215659,0.5718070377342312,1.0,0.0,9.0,1.0
411,0.0,1.4617979394920644,0.6840243400459458,0.9719536145956118,0.6895827408341019,0.0,10.0,10.0,
412,0.0,0.6402281105755666,0.29876784716941013,3.015328592206686,3.6601349763582025,1.0,29.0,10.0,0.0
413,0.0,1.2110762308408654,0.5678128637242077,-0.7389296027552335,0.6641461998196249,1.0,10.0,10.0,
414,1.0,2.7761397230646865,0.24280112317967223,-1.8485181562252269,-0.08697189522343618,1.0,1.0,6.0,1.0
415,1.0,-1.3660884763118937,-1.7138450676085848,-0.18650505274314624,0.5704218835347515,0.0,10.0,10.0,
416,0.0,0.0792509812319514,0.07218484752754861,-0.2239628443174617,0.49998970889575955,0.0,0.0,10.0,1.0
417,1.0,0.717930541469946,0.18790655270370565,-0.414881063492314,0.7764348116043349,1.0,10.0,10.0,
418,1.0,-1.2543406791305727,-1.5333676621582613,-0.05833210875846716,0.40288898572264964,0.0,10.0,10.0,
419,0.0,1.8953625415194228,1.5836396888744904,0.6419440858907515,1.5112285419311475,1.0,29.0,10.0,0.0
420,0.0,-3.2608919390301727,-2.6887146626891005,0.8240373262803707,1.0864000486892458,0.0,22.0,10.0,0.0
421,1.0,1.4999953728032278,-1.2140433360222185,-1.9798314104817731,0.053222219237566315,0.0,10.0,10.0,
422,1.0,-0.15907523956620828,0.07700375190931458,-1.8756293258013113,-0.19359880171781652,0.0,10.0,10.0,
423,0.0,1.3921867767498477,0.9822085709743633,0.3260306779236034,0.8075908532732898,0.0,10.0,10.0,
424,0.0,0.36364817937186233,-0.10031427727748132,-0.33315327177837295,-0.7543841513998996,0.0,10.0,10.0,
425,0.0,1.508047244757146,0.7837494735746031,-0.16227806029777886,0.4367571290013911,0.0,10.0,10.0,
426,1.0,0.11682747816883321,0.5964867604895872,-2.2197282017184667,-1.049180617967783,0.0,10.0,10.0,
427,0.0,1.5471450361373276,1.3209943383762976,-0.8176902511570816,0.6748296413256143,0.0,10.0,10.0,
428,1.0,1.248130642699251,1.2962016035510453,-0.5312200071507901,0.46704484098527854,0.0,10.0,10.0,
429,1.0,0.8582130801768277,-0.19156500391312054,-0.14003539427705716,0.9826890546946847,0.0,10.0,10.0,
430,0.0,1.2333558512104417,0.0587472094823599,0.5909170480363188,0.7514671857673035,1.0,16.0,10.0,0.0
431,0.0,-0.2494971688135602,-0.46613767921252386,0.893038015941742,1.432121081460717,0.0,0.0,8.0,1.0
432,0.0,0.1766132775772768,-0.8809010560384354,-0.6567264453156108,-0.22957615766468853,1.0,8.0,10.0,1.0
433,0.0,-0.07515433015728001,0.14620163378894419,0.3487768014710712,1.4798821113339669,0.0,0.0,8.0,1.0
434,1.0,0.7326701581125774,-0.6714821215404789,2.1582178968834005,2.8202435959951235,0.0,18.0,10.0,0.0
435,1.0,-0.401567579310419,1.04814733600167,-0.5445819234683285,-0.889537461072993,0.0,7.0,10.0,1.0
436,0.0,1.0940318037500814,0.33356162804857176,0.22515277212830295,1.419287300969736,0.0,7.0,10.0,1.0
437,1.0,-2.0828500739187037,-1.7772963855196149,1.125345731390055,0.6659201956259663,1.0,8.0,10.0,1.0
438,1.0,1.2101922332481894,-0.03901861236306803,0.17963364539847626,0.23569572300050778,0.0,10.0,9.0,0.0
439,1.0,0.45546008061982546,-0.04874598066525698,1.066443940299225,0.5473210462983766,1.0,10.0,10.0,1.0
440,1.0,-0.4001691212953217,-1.601504409316341,1.2091625539033366,1.8424095791918664,0.0,0.0,4.0,1.0
441,0.0,-0.6985254889135202,-1.4516999950640121,0.2110002734803281,0.17712914099296057,0.0,8.0,1.0,0.0
442,1.0,-0.1485404502434715,-1.399934304822826,0.2637616790407608,0.9376578887711118,1.0,2.0,10.0,1.0
443,0.0,0.5675238938842999,0.5827250861660849,0.1008684777091824,0.8159424255709977,0.0,12.0,10.0,0.0
444,0.0,-0.2599398622696393,0.5014179836827131,0.17047218770103129,1.9927065002730706,0.0,20.0,10.0,0.0
445,1.0,0.9693140872985558,-0.3006877617608496,0.7229084261665413,1.4408435462125566,0.0,14.0,7.0,0.0
446,1.0,-1.349156670923083,-1.8972860971179002,0.5074212296275145,0.27357775686696284,0.0,13.0,10.0,0.0
447,0.0,0.04370328896340531,0.624695030140993,-0.10679577986058711,-0.6275155864107366,0.0,5.0,9.0,1.0
448,0.0,0.5508004482131108,-0.33490528784252754,-2.7319343074935913,-0.6292888594402443,0.0,17.0,3.0,0.0
449,1.0,-0.7165365426024806,-1.6474723607530783,0.6648408354273253,0.6990427950090436,0.0,3.0,10.0,1.0
450,0.0,1.3461440524470967,0.23882535956655332,2.1729445303162382,1.8354747804156957,0.0,23.0,10.0,0.0
451,1.0,-0.2631593897312132,-0.161158522530431,-0.9501341037567913,0.6331541426632601,1.0,10.0,10.0,
452,0.0,1.6390084294652487,-0.21010562513740522,-1.012148960929205,-0.005524840866975245,0.0,4.0,10.0,1.0
453,1.0,-0.31302955996793846,-0.21534407434727587,-0.4363333601933229,-0.2584065296507655,0.0,1.0,10.0,1.0
454,1.0,2.2127948674060987,0.5131301839848463,0.7505223804355794,0.8990532999861254,0.0,11.0,10.0,0.0
455,0.0,0.7054065522592661,1.7310375468007158,-0.06342658846323829,0.7455487757664113,0.0,13.0,10.0,0.0
456,0.0,-1.6461750756534608,-2.487996328270471,-0.9656889626402787,-0.25533263819529084,0.0,27.0,10.0,0.0
457,1.0,0.3434820139208294,-0.8121580816563259,0.9792253345919892,1.0939357429748777,0.0,2.0,10.0,1.0
458,0.0,0.01523531731179445,-0.4104439708169113,0.5674529100097102,1.156127611858666,0.0,10.0,10.0,
459,1.0,-0.4995324368415923,-0.5839106818878865,-0.7769995347100298,0.2761028640686805,0.0,10.0,10.0,
460,0.0,0.5615854665753576,0.28517811029166534,-0.14200659762180162,0.4792753655314724,0.0,10.0,10.0,
461,0.0,0.2724534875295008,-1.1520711798636147,1.4798504357808147,1.608566955065275,1.0,10.0,10.0,
462,1.0,-0.06419240523856118,-1.464561975959081,-0.7737792090520728,0.4635578629870043,1.0,10.0,10.0,
463,0.0,1.2357936227570736,1.2457525819109427,-0.7725017415452815,-0.5779341766009124,0.0,10.0,10.0,
464,0.0,-0.6444009543628959,-0.3034831864788952,0.5445501590863928,1.1491792460163865,0.0,10.0,10.0,
465,1.0,-1.6700292569913877,-0.9148229548525031,-1.8874415600128065,-0.7454495281819097,0.0,10.0,10.0,
466,0.0,0.11383793384423124,-0.19061747453591588,1.542454387206212,1.8156281849975424,0.0,10.0,10.0,
467,1.0,1.1578279750824,-1.1220990162375697,0.6998100756303806,1.0886979618164792,1.0,10.0,10.0,
468,1.0,0.7907032895332715,-0.6989051311775034,0.16759746441065326,0.3210416032916422,0.0,10.0,10.0,
469,1.0,1.037837725475882,-1.0417095664695368,-0.10981592673460391,0.6536221660861947,0.0,10.0,10.0,
470,0.0,-0.28282576348867083,0.17187278684398472,-0.3640883762518821,0.6974010316069166,0.0,3.0,10.0,1.0
471,0.0,1.5077710480809285,0.2636070872567578,1.0445767025145958,0.8496432607546154,0.0,4.0,7.0,1.0
472,0.0,-0.7675899077402739,-2.1868053509304515,-1.44859148604406,0.2996213022899301,1.0,31.0,10.0,0.0
473,0.0,-0.6235444972224735,-0.8767634922343714,-0.45491212507273876,-0.10794379368690976,0.0,4.0,5.0,1.0
474,1.0,0.50598321129777,-0.28269856866254195,-0.45405917161070836,0.9497954373089933,0.0,3.0,10.0,1.0
475,1.0,0.5140088633236192,-0.9550827224744387,0.7800894280344772,0.9189998315240665,1.0,1.0,10.0,1.0
476,1.0,0.5856096339579416,-0.220908150682189,-1.1068285045733612,0.06004077848435829,1.0,0.0,2.0,1.0
477,1.0,0.9830956420202384,0.8236455761206114,1.1019277652013812,2.2829596740464595,0.0,20.0,9.0,0.0
478,0.0,0.2929369465660574,-0.011245541593481123,-0.4168891327400295,-1.1445997646761277,0.0,7.0,9.0,1.0
479,1.0,-0.1640960658429378,0.5305965833986219,0.29658954529823794,1.0001041801752284,1.0,3.0,9.0,1.0
480,0.0,0.19109376294065,-0.4588242594988748,-0.7399158710706945,0.34345962113571515,1.0,10.0,10.0,
481,0.0,0.3916271912277548,0.4065396748934805,0.6470090485106743,1.123018554161109,0.0,10.0,10.0,
482,0.0,0.9135121443200929,0.3040499094918859,-0.2168929509800094,-0.08273265177241218,1.0,10.0,10.0,
483,0.0,0.8905544460337822,0.37560721728116925,-0.13849896472721246,0.3567000950502382,0.0,10.0,10.0,
484,1.0,-0.27311869547781376,-0.5347920591967225,-0.5245119066893593,0.6195972613793402,1.0,10.0,10.0,
485,0.0,-0.0688589304166034,1.7654942643049776,1.3826378853911472,1.2855636432344433,1.0,10.0,10.0,
486,1.0,-0.4513405557338702,-1.4896490434828797,-1.611266814965331,-0.05151304082576902,0.0,10.0,10.0,
487,1.0,1.3645769581364284,-0.4756739466495531,0.0173318369842809,0.7479325603434203,0.0,10.0,10.0,
488,1.0,1.5662207320964046,0.20110741866507148,-0.6631199717953244,0.3022756480032011,0.0,10.0,10.0,
489,1.0,2.7954030749456824,1.6334977624562272,-0.48819786706316953,1.1929719840434092,1.0,10.0,10.0,
490,1.0,-0.6043272512782472,-1.0295215874565649,-0.5655090766165392,0.5572657386228465,1.0,11.0,10.0,0.0
491,0.0,-0.3215375086512442,0.2153729743563932,0.4690136359783567,0.9955548139754345,1.0,21.0,10.0,0.0
492,1.0,1.7955148784383907,-1.268237949108905,0.5965265724690685,1.4024973697126986,0.0,4.0,10.0,1.0
493,0.0,-0.2666835977742035,1.1471499294610372,0.8860550498001887,1.6447956827860102,0.0,13.0,10.0,0.0
494,1.0,0.28865097767507364,-2.5287206079165485,1.1494563300636877,3.1148294386014834,0.0,7.0,10.0,1.0
495,1.0,1.5409283317932045,0.2835942573409816,-0.7221073188246377,0.14626652046659766,0.0,10.0,5.0,0.0
496,0.0,0.24094890588890167,-0.679057173393151,0.1032800612675142,1.2221415629683512,1.0,2.0,10.0,1.0
497,0.0,0.45828631266183556,-0.4545302275004353,-0.22184033344968332,0.18374079051303072,1.0,10.0,10.0,1.0
498,1.0,-0.14111449114448982,-0.98394256182553,-0.22534302738570053,-2.296872286376888,0.0,16.0,5.0,0.0
499,0.0,0.26736192579955803,-1.1594444980122098,0.36577649483241864,0.17880454981077115,1.0,1.0,10.0,1.0
500,0.0,0.08331530875954085,-1.1798544376574849,0.8274861381695823,1.4765686458487242,1.0,5.0,5.0,1.0
501,0.0,-0.5066030454129598,-1.24855537894858,0.5962411412025685,1.460629544567481,1.0,3.0,10.0,1.0
502,1.0,0.6275143940883179,-1.2031733771074749,-0.1533246944911544,0.5277401811867374,1.0,6.0,10.0,1.0
503,0.0,0.9589633248474929,0.8318111607670027,0.3504639705909243,0.17055228966906782,0.0,13.0,10.0,0.0
504,0.0,2.2405057492966094,1.0329986563120854,0.20411042889152634,0.5034696966349125,1.0,18.0,9.0,0.0
505,1.0,-1.4051482326620932,-0.9991787751433132,-0.808715403887207,-0.8757013369682477,0.0,26.0,2.0,0.0
506,1.0,0.21148932887573724,-1.719887911482574,0.40304852344361874,0.9507872804227085,1.0,5.0,10.0,1.0
507,1.0,1.7685745490262021,0.8369270163428439,-2.1359356391623336,-2.7766154930723284,0.0,10.0,0.0,0.0
508,1.0,0.07815950360552865,-0.7774878328019192,0.9550066958701027,2.4485229049308828,0.0,6.0,10.0,1.0
509,0.0,-0.14528583556549368,-1.4652883667688548,-0.6445716256352138,0.12250605233984041,0.0,11.0,10.0,0.0
510,1.0,-0.31999880273630676,-1.6579600410506958,0.260604671646591,0.644256245589848,1.0,4.0,7.0,1.0
511,0.0,0.6107443302500022,-0.33393294927574413,0.17139709888165447,0.7188856934630522,1.0,12.0,10.0,0.0
512,1.0,-0.8570181230637568,-1.482514390822576,-0.03470886621868841,-0.6124885803766392,0.0,16.0,6.0,0.0
513,0.0,1.1016801044350917,-0.7919789106256139,1.1721593704966675,0.6134237764308497,0.0,1.0,10.0,1.0
514,1.0,0.8321279559745746,1.676865221965283,1.0358887941214536,3.464431979774226,0.0,26.0,10.0,0.0
515,0.0,-0.34343862161578176,-0.20008640978256464,1.1672891756684871,1.013342183150288,0.0,8.0,8.0,1.0
516,1.0,-0.5369936286058263,-0.433177912489895,0.49323471005124087,0.7195537232566434,0.0,0.0,10.0,1.0
517,0.0,0.8907378551243598,-0.38583638918349955,0.7569877988405864,0.6751873441139424,0.0,10.0,10.0,
518,0.0,0.6661143075257661,0.5150199343867765,0.5172298203228763,0.2609128057634937,0.0,10.0,10.0,
519,1.0,1.0944130524772984,0.515117466984923,-0.17138871024261504,0.9036252834509393,0.0,4.0,6.0,1.0
520,1.0,0.6427490400929392,-1.4153343123500006,-0.7855772674623501,-1.3185089652410023,0.0,27.0,6.0,0.0
521,0.0,-0.6119780568582287,-0.1388220364997362,0.11693558632054683,0.898762003909995,1.0,0.0,8.0,1.0
522,0.0,-1.8201306580477388,-1.4534485177271772,1.1611867182120357,1.4519089103620098,0.0,7.0,10.0,1.0
523,0.0,-1.239310021170236,-0.23906785306994288,-2.811744323583199,-0.4467862600368845,1.0,15.0,6.0,0.0
524,1.0,0.715583197634395,-0.18090853808414478,-2.4594080755681005,-2.3142393372719234,0.0,29.0,5.0,0.0
525,0.0,-0.022703650823767352,-0.1648839408201737,-0.560225869265925,0.5583079627731362,1.0,5.0,10.0,1.0
526,1.0,1.4840817840110576,0.4299809618948727,-0.5032264410739091,0.1614282622089963,0.0,8.0,10.0,1.0
527,1.0,0.08906190435863104,-0.09144305133444028,-0.3011226088364972,0.34952105875228995,0.0,0.0,5.0,1.0
528,1.0,-0.20743816628082723,-1.287917524317062,0.09311291367831873,0.6872118651695587,0.0,5.0,10.0,1.0
529,0.0,1.6123332585578543,0.8090375322816492,0.1776028684049276,2.208587071251034,0.0,19.0,6.0,0.0
530,1.0,0.7425540969173889,0.679708944070825,-1.5709145079214673,-0.3975963958965798,0.0,14.0,9.0,0.0
531,1.0,-0.8424910819753466,-1.2619766636794612,0.3294696476423486,0.153316852301702,0.0,4.0,10.0,1.0
532,0.0,-1.2715307505472333,-1.7430442091788134,1.4762996184961987,1.3615125387303348,0.0,0.0,8.0,1.0
533,0.0,0.1702380030101477,-1.676595679629901,0.8311559909947581,1.1738696802331638,0.0,2.0,7.0,1.0
534,0.0,1.5986510810814873,0.9232514909266032,-0.7904295616881121,0.1887618583998062,0.0,13.0,10.0,0.0
535,1.0,-0.6478075318355165,-1.1123060870420245,1.798005929109623,1.3418319930106457,0.0,3.0,10.0,1.0
536,0.0,1.9562756103448633,-0.7169244217077906,-0.7857758587388245,0.09506917607107457,0.0,4.0,10.0,1.0
537,1.0,1.723985370370197,0.44512305551285186,1.141498178363216,0.8253526263240067,0.0,11.0,10.0,0.0
538,1.0,0.17599052104442708,-0.7528369173747502,-2.454827656650429,-0.26271167159101505,0.0,13.0,10.0,0.0
539,0.0,0.18408594496088093,0.22555720346950386,-2.181108348117794,-0.6153059136318492,1.0,10.0,6.0,0.0
540,1.0,0.7142645182748496,0.2154492768847605,0.5344320821665255,0.3445300196797443,1.0,10.0,10.0,
541,1.0,0.9962443091109587,1.194407968093443,2.490144069933244,1.8039853529217607,0.0,10.0,10.0,
542,0.0,0.3243351747714204,-1.5974301298883604,0.9530517707841697,2.2931000709267413,0.0,10.0,10.0,
543,0.0,-0.05688466324793129,0.12772018561068588,-1.2512406103468356,0.5268544555258382,0.0,10.0,10.0,
544,1.0,-1.2049191626061906,-1.1000531464885617,-0.26884444131145563,0.7448066413843941,0.0,10.0,10.0,
545,0.0,0.7773931290801601,0.11145331124735314,-1.4781369246820044,-0.885755374345638,0.0,10.0,10.0,
546,1.0,0.18565275894566347,-1.6806002116356296,-0.9121677071953093,0.15623288811661457,0.0,10.0,10.0,
547,0.0,0.8810063178754487,-0.5506582539194425,1.2867490919613018,0.5389411726619858,0.0,10.0,10.0,
548,0.0,0.6181070873564746,0.09414973479639716,0.32953805861562024,1.0504631886691749,1.0,10.0,10.0,
549,1.0,1.5099238528428336,-0.2904693047264895,0.0882753644638074,1.0542062368697618,0.0,10.0,10.0,
550,0.0,1.571124670515223,1.3509532398215611,-1.7576624448807199,-0.6991095520744214,0.0,1.0,9.0,1.0
551,0.0,-0.006417182883545758,0.9931674506861428,0.21427445478750615,1.0799324441109506,1.0,10.0,10.0,
552,1.0,1.1727361384191544,-1.0544426278062147,-1.553854293321848,0.11935569363604215,0.0,10.0,10.0,
553,1.0,1.1679609097561068,-1.4370377899847466,-0.10971709350539711,-0.06106534529565544,0.0,10.0,10.0,
554,1.0,0.43729647646564856,0.6524729965084033,-0.26063862555996475,0.8587648960267321,1.0,10.0,10.0,
555,0.0,0.17308968811970005,1.2952986588632955,0.5557372913856319,0.09001962660982332,1.0,10.0,10.0,
556,0.0,0.23134472258141575,0.9286731036225175,0.4216020063060365,0.7365510846823932,0.0,10.0,10.0,
557,0.0,0.21056580010269327,0.5053356815212939,0.8005086621839101,2.1060773202651153,1.0,16.0,9.0,0.0
558,1.0,0.35608127503970544,-1.6761443185822682,1.2047918554997574,0.8528880072976944,0.0,0.0,10.0,1.0
559,1.0,-0.10675875244173283,-1.3199998217737279,0.6768306537037614,1.125362884364167,1.0,11.0,10.0,0.0
560,0.0,2.0632694709320982,-0.4134318682418321,-0.41880021986793287,0.18457477827025093,0.0,10.0,10.0,
561,1.0,-1.7264728561524407,-1.688239399113761,-0.9529039441771231,0.21276842681157077,0.0,10.0,10.0,
562,0.0,0.9853537391561064,0.5881832144383621,-0.39876228289941185,1.074283890007636,0.0,10.0,10.0,
563,0.0,0.9376351070897083,1.1296511108841067,1.0665983489745348,2.142170932338971,0.0,10.0,10.0,
564,1.0,2.0601413222587945,1.408286382138572,1.3228441399030122,0.6787947813016507,0.0,10.0,10.0,
565,1.0,-0.9133648000578465,-0.8236809920757814,-0.7326493129824877,1.1512599951067493,1.0,10.0,10.0,
566,1.0,1.034386350693453,-0.043140080422920724,-0.42500876910059576,1.4691959255752716,0.0,10.0,10.0,
567,1.0,-1.6187699115090082,-2.8159979676271654,0.09894443651985561,-0.033510948562450626,0.0,10.0,10.0,
568,0.0,-1.0555558901792088,-1.3936689097472792,-0.19928850081360228,0.5210838239424659,0.0,10.0,10.0,
569,0.0,1.2264501531992011,0.40496406045073247,-0.2673699566328926,-1.2333335752564736,0.0,10.0,10.0,
570,1.0,-0.15617850617333717,-1.9311722267626539,0.7329294189996275,0.7024710076394522,0.0,10.0,10.0,
571,1.0,0.9695419794628264,0.6254257544994588,-0.5916739014512159,0.4546836832386103,0.0,10.0,10.0,
572,0.0,0.8649779918750495,0.9086398181773003,-0.028580566884938485,0.8553323269159924,0.0,10.0,10.0,
573,0.0,1.1616451063123683,-0.8532184417150532,1.0600673331237511,0.9607683315509619,0.0,10.0,10.0,
574,0.0,0.32588307556018137,-0.744576449892199,-0.008372262131898341,0.30470040390734265,1.0,10.0,10.0,
575,1.0,1.4137379330519186,0.5800412135800523,0.2716384352129011,0.9680194438098887,0.0,10.0,10.0,
576,1.0,1.8389299161561548,0.8604700409350983,-0.21759342392074393,0.6513506056626266,0.0,10.0,10.0,
577,1.0,1.4638692703964782,0.4033124879835193,0.2583729385288055,1.2634361132905974,1.0,10.0,10.0,
578,0.0,1.0796563786315678,-0.22222447452782942,1.383579697352116,2.33793393848223,0.0,10.0,10.0,
579,0.0,0.8522159689749579,-0.3595174172746848,1.7574482280042574,1.10765438473461,1.0,10.0,10.0,
580,0.0,-2.087545428490449,-0.6434723298203584,-1.4419552710310817,-1.6986842435040082,0.0,16.0,5.0,0.0
581,1.0,-0.004586214584331283,-0.9993062484406028,0.4387956805140663,0.8034280190875324,1.0,1.0,6.0,1.0
582,1.0,1.6548374662122998,0.08595930445185834,-1.070358291497331,-0.19120153075089374,0.0,3.0,8.0,1.0
583,0.0,-0.09554750079917307,-0.0437927173604859,-0.15700473984739902,0.6734702973333235,1.0,11.0,10.0,0.0
584,1.0,0.6060158239246163,-1.0005220826095653,-0.0860891638844691,0.4406869154811656,1.0,1.0,8.0,1.0
585,0.0,0.08985522309940308,-0.7896146721730182,-0.5722131653405906,-0.4593955576662677,0.0,13.0,7.0,0.0
586,1.0,1.3273879053461586,0.42028276875146336,2.0208363034227927,2.9081351538563847,0.0,16.0,9.0,0.0
587,1.0,0.4039204153475827,0.5483745494891479,0.33150280228836765,0.09882603433385073,0.0,1.0,10.0,1.0
588,0.0,1.7078756493746496,1.2267404761905625,0.5488694512406888,1.2551994381291367,1.0,25.0,9.0,0.0
589,0.0,-1.6358787896369513,-1.153626318099428,-0.16531454703548856,0.8144038693720842,0.0,10.0,6.0,0.0
590,0.0,-0.643714056231605,-0.6460565015583819,-0.21647903024864346,0.4071088623238561,0.0,10.0,10.0,
591,0.0,-1.4233019605342752,-1.0820954344151679,0.2662201286937369,0.7741719225306087,0.0,10.0,10.0,
592,1.0,-0.6249280091304716,-2.074985330584486,-0.2514258351440681,1.1386894344564629,1.0,2.0,8.0,1.0
593,1.0,0.9167320325579145,-0.21038349115578964,0.766234985466254,2.1214535284407905,1.0,30.0,9.0,0.0
594,1.0,1.4400662725274627,-0.5296462227278584,0.45480355394706257,0.7338492097979888,1.0,10.0,10.0,
595,0.0,0.9517883958601882,-0.609593772619241,0.12132468407418479,0.5378545693049624,1.0,10.0,10.0,
596,1.0,0.4848279333731629,-1.3204630253665006,0.17596339102183736,0.7366083368665052,1.0,1.0,10.0,1.0
597,1.0,1.0594903385022847,1.0554136898525215,-0.695115964646764,-0.24566166591895422,1.0,12.0,10.0,0.0
598,0.0,-0.01460866090679458,-1.139704950701846,0.4107202312042969,0.28958662671609714,0.0,10.0,10.0,
599,0.0,-0.31075134310796126,0.3140602717459465,-0.10729728074726685,0.7225065234570607,0.0,1.0,7.0,1.0
600,0.0,0.7851772627547247,0.6627629199038694,-1.141706420033922,-0.16588606203100054,0.0,5.0,10.0,1.0
601,1.0,1.0801459504134658,0.1080788907174417,1.0366456162206914,2.453727449956021,1.0,13.0,5.0,0.0
602,1.0,0.4133054286120292,-1.1546595291673674,-0.2525671223821091,0.9689458896871368,0.0,3.0,10.0,1.0
603,1.0,0.4962283202549136,-1.4017770415898414,-0.00297642465465624,-0.07454083797984634,0.0,10.0,10.0,1.0
604,1.0,1.722891130762282,0.054171488975670756,-0.3195130035071198,-0.3322721034637428,0.0,4.0,10.0,1.0
605,0.0,-0.09120979145936692,-0.043884821231269855,0.7517792669008625,0.8369441370204991,1.0,6.0,10.0,1.0
606,0.0,-0.20878429176307667,-1.6792993556297844,-0.10915580558589913,0.02604800451046352,0.0,3.0,10.0,1.0
607,0.0,0.001479163341980283,0.6738004261270845,-0.026852209675472277,0.31129753623555645,0.0,0.0,4.0,1.0
608,1.0,-1.8214208679443953,-1.6455901554900354,0.8791474267303732,1.0364913598584284,1.0,0.0,6.0,1.0
609,0.0,0.005581430027577661,0.9313172258145526,-0.2856296954034382,0.7305021807527108,1.0,10.0,8.0,0.0
610,0.0,0.7382083547344737,-0.4344945387322879,-1.1163396237108842,-0.8082215183821454,1.0,10.0,10.0,
611,0.0,1.8679827408232763,1.1914564027298087,-1.8787843293147168,-1.0394501133108065,1.0,10.0,10.0,
612,1.0,0.7300174851228713,-2.376685363181619,-1.3012525839358455,-1.1691500908450085,1.0,10.0,10.0,
613,0.0,0.990442129587077,1.6081792069395964,-0.4726967031868509,1.0044896643882555,0.0,10.0,10.0,
614,1.0,0.469625830410328,-1.2041616484053979,0.5315645033771417,0.6205191869490123,0.0,10.0,10.0,
615,1.0,0.4096700156912002,0.6907755885004772,-0.21018074576166101,1.0511707646169417,0.0,10.0,10.0,
616,0.0,-0.7788968576938915,-2.8718803399061534,0.36491617030452006,0.33018211893753113,0.0,10.0,10.0,
617,1.0,0.7428342523856322,1.0694815521313472,0.6276958118744795,0.4675034702856042,0.0,10.0,10.0,
618,0.0,1.4913489437833303,-1.0357927091194754,-1.5123482306440355,0.423979206045309,0.0,10.0,10.0,
619,1.0,2.8899628083173816,1.2273608710677353,0.8591977942613737,0.42494134373496184,0.0,10.0,10.0,
620,1.0,1.073497894676874,1.4839854414152254,-1.5487567762325258,0.28470755549098853,0.0,0.0,6.0,1.0
621,0.0,0.23252280700058503,-0.9335037820110608,-0.8421009037590846,0.41099755873042454,0.0,7.0,10.0,1.0
622,0.0,0.11066238723207555,-0.9681454558262128,1.4778493853983359,2.0270680133997523,0.0,5.0,7.0,1.0
623,0.0,-0.3312408175648369,-0.5524448300956786,1.2990278309390881,2.3963556222593843,0.0,0.0,9.0,1.0
624,1.0,0.8411552653922881,1.3138511592301105,-1.447423916660093,0.27749972251574995,1.0,3.0,6.0,1.0
625,1.0,0.8235445188127302,-1.3691701008463049,-0.7347140325705107,-0.5389695871076795,0.0,21.0,10.0,0.0
626,0.0,0.4204987791083354,-0.2748216414885085,-0.8999935978664884,0.28822381633225463,0.0,4.0,10.0,1.0
627,0.0,-0.9498664117941522,-0.05144745616614699,0.2243053562791167,0.06977635397213533,0.0,7.0,10.0,1.0
628,1.0,-0.3166543887425648,-0.5359501334603218,-2.4615597272700396,-0.7554685408268743,0.0,27.0,5.0,0.0
629,1.0,1.487666153420123,-0.9195967357785733,-2.7705504386236397,-1.5299702467446252,0.0,18.0,7.0,0.0
630,1.0,0.9474201877043715,-0.8187688783464181,-0.4089012449935916,-1.2599799482105354,0.0,10.0,10.0,
631,0.0,1.1954972735037512,-0.6883943537141418,-0.7431209216332096,0.45092961591392106,1.0,10.0,10.0,
632,0.0,-0.5755812793928363,0.07159494635972663,0.6196460544502527,1.3220781537068387,0.0,10.0,10.0,
633,1.0,-0.7041284324427337,-1.2697608662034612,-0.011715872866289816,-0.5734385675169943,1.0,10.0,10.0,
634,1.0,0.2472977677046071,-1.964838543363661,1.4953678655971987,1.1467996715137079,1.0,10.0,10.0,
635,0.0,0.768031004645845,1.1974107104841603,-0.25411702813407344,0.2721769389242706,0.0,10.0,10.0,
636,1.0,1.0516661155576066,0.04598928087456694,0.3323614862496312,3.003109823484869,1.0,10.0,10.0,
637,1.0,1.4596981455382676,1.0357660235668922,-0.4569466064884036,0.36883989737818546,0.0,10.0,10.0,
638,0.0,2.2851397552985655,1.2285073286482633,0.6524271197772132,0.29846761706368985,0.0,10.0,10.0,
639,0.0,0.7011554740323878,0.4293458587458438,-0.41057622018330486,0.9287810502780256,0.0,10.0,10.0,
640,0.0,0.45859132026939575,-0.6494138349049361,-1.9676699414928365,-0.8326265110953929,0.0,10.0,10.0,
641,0.0,1.1100483861929065,0.25984231355265036,-4.040885910848789,-0.7264406325669416,0.0,10.0,10.0,
642,0.0,2.374235445807364,0.24942214687916248,0.007242856008200028,0.9405847630572659,0.0,10.0,10.0,
643,0.0,-1.992314775168179,-0.9720378210966851,0.23289390182951297,0.4713712200044877,0.0,10.0,10.0,
644,0.0,-0.07504645067995885,1.4945112077484455,-0.7946107840379618,-0.015736955272377617,1.0,10.0,10.0,
645,1.0,0.6046965926571419,0.043564222242972794,2.5586147603570266,1.0606605261610476,0.0,10.0,10.0,
646,1.0,0.5700471095534382,-0.025878804751861495,0.3944296092020184,1.0918000203617337,0.0,10.0,10.0,
647,1.0,-0.6011225895148051,-0.5943179325053954,0.8513880746336803,0.7170431965173154,0.0,10.0,10.0,
648,1.0,0.41538168783388446,-0.9775266038337069,-0.025471473397007678,0.15372327191594315,0.0,10.0,10.0,
649,1.0,-0.33073030050561614,-0.7644215150554515,1.6631127129769083,1.2399302398029737,0.0,10.0,10.0,
650,1.0,0.3260262136408496,0.10171462112029606,-1.7504492883208385,-2.488775909538024,0.0,10.0,10.0,
651,0.0,-0.3678161977495684,-0.8371470153985363,0.02444105880227534,0.09696132322527923,0.0,10.0,10.0,
652,0.0,2.146948424430688,-1.030834566814193,0.24604469789917574,0.6986954106162396,1.0,10.0,10.0,
653,0.0,1.1864206278237377,0.4338671528579047,-0.050358368624568876,1.5670876374604483,0.0,10.0,10.0,
654,1.0,0.3648116300035869,-1.4014657373536097,-0.47182194745443656,0.629163301620953,0.0,10.0,10.0,
655,0.0,0.268748492727201,-0.5444964550480862,-1.6120750217747528,-0.39599184545254673,0.0,10.0,10.0,
656,1.0,-0.8460737765812105,-0.5584769090852963,-0.2124145372423655,0.7907608165858919,1.0,10.0,10.0,
657,1.0,1.7421768800509512,-0.07411967324369739,1.8987383408649032,0.9454642708685179,0.0,10.0,10.0,
658,0.0,-0.14443097342642874,-0.5660587067832603,0.5612014585311155,0.8281452844817456,1.0,10.0,10.0,
659,1.0,2.2535274116326605,0.17894640862160355,0.662239112512871,3.0350060308261946,0.0,10.0,10.0,
660,0.0,2.5553794582565796,0.5889725277685753,-0.18328330351809757,0.20950867897440933,0.0,10.0,10.0,
661,1.0,2.605326949891218,0.6767539496682478,-0.1199768674358539,0.4822203661702922,0.0,10.0,10.0,
662,0.0,-1.2809262583148922,-0.9171503227790332,0.09704832273244675,-0.059232200588856365,0.0,10.0,10.0,
663,1.0,1.6240965349162895,-0.69525446840467,0.12258469133470325,0.13128618229197153,0.0,10.0,10.0,
664,1.0,-0.765831426084562,-1.1907160208053207,0.3094358821300556,0.7789100813361143,0.0,10.0,10.0,
665,0.0,1.8102184558561805,1.027241124321579,-0.42284549833442026,-2.1454498840210663,0.0,10.0,10.0,
666,0.0,-0.7869642407605513,-1.1914102875613644,0.7058194830330733,0.8640552147731647,0.0,10.0,10.0,
667,0.0,0.7499871960100116,0.9368624182825716,-0.41967604908115674,0.7171731182993808,0.0,10.0,10.0,
668,1.0,1.9641495277934888,1.18758544388592,0.1068760027188435,0.5261763089390166,0.0,10.0,10.0,
669,1.0,-0.5988086717589889,-0.6156849679708489,1.116841823575908,1.4142003204676734,0.0,10.0,10.0,
670,0.0,0.7967008919009106,-0.42556720669478454,0.2009756274864153,0.4113636087352629,1.0,10.0,10.0,
671,1.0,-0.48264556041187434,0.859719643839248,-0.1948684819885421,0.17453537993937512,0.0,10.0,10.0,
672,1.0,-1.0759332838320386,0.6675569377679706,0.022147030875316293,0.7156480095111545,1.0,10.0,10.0,
673,1.0,0.9399105349254984,1.4299410234410874,-0.9652554155921694,0.5452144685979542,0.0,10.0,10.0,
674,0.0,1.8208155240317452,0.49248125046678554,1.186400403338951,0.9271460747912837,0.0,10.0,10.0,
675,0.0,-0.45858414358963207,0.38340950980028626,-1.180342784460006,0.24641084270815844,0.0,10.0,10.0,
676,1.0,1.4773641040479382,0.49328825326819287,-0.07801206529365619,0.6139506971549274,0.0,10.0,10.0,
677,1.0,1.2966598762315187,1.2803740290649772,0.956830337925799,0.9863858241890642,0.0,17.0,10.0,0.0
678,0.0,2.0660621818604996,1.0863087611795592,-0.3332856299262126,0.30778488057080067,0.0,10.0,10.0,
679,0.0,1.7488048835422656,2.0385665124799304,-2.282374399426966,-2.108374508944099,0.0,2.0,6.0,1.0
680,0.0,0.5713810773933004,-1.1978492952651234,-2.158812674703337,1.1546180948349678,1.0,10.0,10.0,
681,0.0,0.2783675339981427,-0.44857843793025576,0.8167561547713944,0.3717039284237816,0.0,10.0,10.0,
682,0.0,0.41540956773347193,0.5960785957482666,1.2928983549413162,1.0974206143038,0.0,10.0,10.0,
683,1.0,2.2746144922185287,0.9999071064897649,-0.08898526178837118,1.2553470062201653,0.0,10.0,10.0,
684,1.0,0.8246203864173295,-1.0723525182745732,0.46412845684226883,0.7456058490099587,1.0,10.0,10.0,
685,1.0,1.481616221783451,-0.11880487115180063,0.18325033913107186,0.5341861166623787,0.0,10.0,10.0,
686,0.0,-0.9977474616837241,-2.8788310750831485,-0.7221565330038995,-0.9168384646152014,1.0,10.0,10.0,
687,0.0,0.7175775983391447,-0.5914404925484917,-0.03840453988680692,0.2075118708149808,1.0,10.0,10.0,
688,1.0,-0.5744830540701278,-2.474139113178673,-0.32633118948623785,-0.5679498036095673,0.0,10.0,10.0,
689,1.0,1.25988728502853,-0.11910913046578042,-1.3677109649883394,-0.5506706361992247,0.0,10.0,10.0,
690,0.0,-0.10911859567149162,1.723918572737144,-1.5385241191045456,-0.5255698114124813,0.0,5.0,9.0,1.0
691,1.0,0.01353124104161385,-0.5091142035404689,0.6515466991464266,0.7480559838420571,0.0,10.0,10.0,
692,1.0,0.9733439816851434,0.07411189486552977,-0.23078277928997623,1.2684352087890955,1.0,29.0,8.0,0.0
693,0.0,0.3085763098145452,-0.6339941663899205,-0.550269024966426,0.42147754571024026,0.0,1.0,9.0,1.0
694,1.0,-2.042019724091279,-3.4404771892098536,0.22131291154853275,0.6900377707201664,0.0,18.0,10.0,0.0
695,1.0,0.39611742432790453,-0.11291256204009731,-0.4686962830617968,-0.10740057817164217,0.0,10.0,10.0,
696,0.0,0.6139682012762109,-1.0148299824393663,1.8593144238554606,1.077801155924389,0.0,2.0,4.0,1.0
697,0.0,0.6457192555104111,-0.7861688050856683,0.18819585343039683,0.5259011415370882,0.0,10.0,10.0,
698,1.0,-0.1282441762149411,-0.09420524177020206,-0.6773037598741423,-1.1743093847978168,0.0,20.0,8.0,0.0
699,0.0,1.202923803985852,-0.7031629092876077,-2.6351932125482325,-1.394750223884348,0.0,14.0,0.0,0.0
700,0.0,1.2187540337611567,0.45213342509981785,0.7359320824723558,0.26939424414334684,0.0,4.0,10.0,1.0
701,0.0,1.2622459410755509,-0.12024764907777402,1.2356835432771478,3.111507643968095,1.0,21.0,10.0,0.0
702,1.0,0.7312286748402693,0.4218498197909533,-1.0640114025599479,0.0665896226835141,0.0,0.0,7.0,1.0
703,1.0,0.0901241093521955,-1.6863822730361435,0.8277821355981483,1.1877597272234766,0.0,4.0,10.0,1.0
704,0.0,1.2604646233405914,-0.03743000431929272,-1.119074210226062,0.5406912366207264,0.0,0.0,8.0,1.0
705,0.0,1.2513405951732908,1.3613546256183584,-0.4636550312699965,-0.740506545753633,1.0,5.0,7.0,1.0
706,1.0,1.7264429649736686,-0.6070725890561262,1.5265746053041052,3.8727667796099787,0.0,19.0,10.0,0.0
707,1.0,0.24913374697653984,-0.24070546264680767,0.09137146747039283,0.561943514774692,0.0,1.0,10.0,1.0
708,0.0,0.16703929103395365,-0.928735882416901,-0.534455345404445,-0.18613215597014166,1.0,9.0,10.0,1.0
709,1.0,0.3926160571267985,0.084167994295539,1.407197398566686,1.6701226557645557,0.0,4.0,10.0,1.0
710,1.0,0.7415516349151627,0.7725366074151279,-0.05085605376969734,0.8440356207136523,1.0,10.0,10.0,
711,0.0,1.9671238545533942,2.4628055250475716,-1.72270304226714,-0.15625043318197462,0.0,10.0,10.0,
712,0.0,-0.4398289713299902,-1.001043392396093,-0.14719109745545847,-0.38733483426094917,0.0,10.0,10.0,
713,0.0,0.860388974497369,-1.0169698453960365,-0.4914226396329923,-0.19314389489180184,1.0,10.0,10.0,
714,1.0,1.1362317639625634,1.1607245796719845,-0.08004902176403167,1.0698480601421616,1.0,10.0,10.0,
715,1.0,-1.2817871205673257,-2.143122825670003,0.918454296824124,1.22131520935849,0.0,15.0,9.0,0.0
716,0.0,0.8493432038985047,-0.5501445983205333,0.6607586541013889,0.5544683395651535,1.0,10.0,10.0,
717,0.0,0.6396471301173762,0.7869570111752897,0.3562193242874035,1.6241367489981307,0.0,10.0,10.0,
718,1.0,-0.6037137372434949,-0.8994991529211382,-0.3434962731297085,0.4817735454683334,1.0,10.0,10.0,
719,1.0,-1.3875949559290293,-1.3327561469487585,-0.2515210808626191,-0.6017552650825143,0.0,10.0,10.0,
720,1.0,0.9828952442530503,0.44419821351323513,0.2251634859521791,1.4175437384087397,0.0,10.0,10.0,
721,0.0,0.7109416030893418,-0.5017690837354548,-0.29920523850453173,-0.1591483988350494,1.0,10.0,10.0,
722,1.0,-0.6445132326597651,-0.05978415646407376,-1.0305422846417673,0.894877661623958,0.0,10.0,10.0,
723,0.0,0.8755739764126479,-0.2966976804021098,-0.09277169274867605,1.1729725763376608,1.0,10.0,10.0,
724,0.0,1.6637459861019934,0.2185818156594928,1.3010136456492203,2.0472030922149513,0.0,9.0,10.0,1.0
725,1.0,0.9243604510600132,-1.2564896594542836,2.3356670134466877,1.0585351005278913,0.0,1.0,10.0,1.0
726,0.0,1.840854826437687,0.43844957899018305,-0.07539687398409128,-0.17361907083056893,1.0,10.0,10.0,
727,0.0,2.68759921161041,2.2466689385598726,0.12685934126112589,1.1756929056436052,0.0,10.0,10.0,
728,1.0,1.3956861697410066,0.6779529342284407,0.44715285350399087,0.4794685858174933,0.0,10.0,10.0,
729,1.0,1.1340881938308072,1.4797557431420507,-0.2721485931290107,0.2655697372932688,1.0,10.0,10.0,
730,1.0,-1.3007034318890096,-1.3479650101034992,-0.9312461988476953,-1.2558077290943919,1.0,43.0,5.0,0.0
731,0.0,0.03811749555179528,-1.6967974875843013,-0.05608470958631804,1.040992387324047,1.0,10.0,6.0,0.0
732,0.0,-0.5508483170504899,-1.9972149502956524,0.9259635699160268,0.5831577143095732,1.0,0.0,5.0,1.0
733,1.0,-0.36257797940053615,-1.1420728901673234,0.26250046272111605,0.5500934675994198,0.0,10.0,10.0,
734,0.0,-2.1449963287056875,-1.2660447697206627,-0.00626402744375707,0.6953921086382302,0.0,9.0,7.0,0.0
735,1.0,-0.4172260539887377,-2.744142723837413,0.29760965677931267,0.5329176746794225,0.0,22.0,5.0,0.0
736,1.0,0.285302393910029,0.12083765963818949,-0.08562281578396734,-0.10896757011912006,1.0,10.0,10.0,
737,1.0,0.23245705965812619,-0.13617020600319393,-0.9257945468474348,-0.03050104768966766,1.0,10.0,10.0,
738,0.0,0.36411959350645695,0.1752396590956185,0.1824891760051941,0.5831260190508483,0.0,10.0,10.0,
739,0.0,-1.9905611316207512,-2.1631297624382717,0.026985738951842596,0.7916100333735162,0.0,24.0,6.0,0.0
740,1.0,1.4157580501734452,0.16788065536098556,-1.5153945925132188,-0.48485218297126564,0.0,4.0,9.0,1.0
741,0.0,1.9142659845850063,0.7920756826059672,-0.022224825986148864,0.5580555614251299,0.0,1.0,10.0,1.0
742,1.0,1.3865884984367574,1.3773625911227836,0.18178752915232868,0.9072004320739431,0.0,29.0,10.0,0.0
743,1.0,-0.8271497141971356,-0.5676918047009074,-0.2066123647507939,0.42293476686303266,1.0,4.0,10.0,1.0
744,0.0,-0.3674816759602285,-1.2488155059020103,-0.6697892468834487,0.3795533720322639,0.0,14.0,9.0,0.0
745,1.0,0.2323786427627138,0.3673125837540457,0.9180726916828713,1.4641304147978178,0.0,11.0,10.0,0.0
746,0.0,2.0800751565139977,0.038200475193014005,0.7198718281892904,0.6113400425520279,1.0,8.0,6.0,0.0
747,0.0,0.6394788292313454,-1.1899094317110706,0.28630390479132983,0.7384513985438942,0.0,0.0,6.0,1.0
748,0.0,1.599805317648368,-0.860340157042629,1.24909950551151,1.9485757366342344,0.0,9.0,6.0,0.0
749,1.0,-1.4248507770062282,-1.3785643530454872,0.31529358590880346,0.22351763707087036,0.0,8.0,10.0,1.0
750,1.0,-0.670179965294281,-0.40882140751460033,1.4298617869765815,1.5857315195944546,0.0,10.0,10.0,
751,1.0,-0.16786552066367566,-0.1081194443540757,-0.26764212955276606,-1.0730351436520085,0.0,10.0,10.0,
752,1.0,0.6240403658621236,-1.186242418884877,-0.2501512490488222,0.9721684713965025,1.0,10.0,10.0,
753,1.0,-1.0072827260885986,0.16613096180321157,-1.5782548850952411,-0.15649205005971878,0.0,10.0,10.0,
754,0.0,0.3645126616257661,1.23880486403462,-0.4836217670682729,0.01669075205086268,1.0,10.0,10.0,
755,0.0,0.5491890990975583,-0.660258297906928,0.017425542855908215,0.5274280128097499,0.0,10.0,10.0,
756,0.0,-1.5326809432388573,-0.43460762761144406,-0.25520584899911464,0.04427858320747369,0.0,10.0,10.0,
757,0.0,2.5817465561841964,0.10764262195895491,-0.08227012720515825,-0.04526441928789304,0.0,10.0,10.0,
758,0.0,2.8518633757485365,2.022021077720912,1.9688652004803118,1.8043589765179862,0.0,10.0,10.0,
759,1.0,1.261981562318801,-1.073640676819173,0.24042293306045853,0.8843908970866574,1.0,10.0,10.0,
760,1.0,1.0298697209363263,-0.7827390386041972,-0.9667660670672449,0.5530655274171264,0.0,5.0,10.0,1.0
761,0.0,-0.06213123488714467,-0.6778701592256271,-1.0161360534712371,-1.5509032852509583,0.0,13.0,4.0,0.0
762,1.0,0.7377268259668017,-0.7890467309134086,-0.03043077810212118,1.5876228375138433,1.0,14.0,10.0,0.0
763,0.0,0.19871404907540058,0.3696984383889063,-0.8078897897330636,-0.3625802544647866,1.0,3.0,7.0,1.0
764,1.0,0.6702028683357815,-1.4588714031939978,-0.3000734543022823,0.16072700785118665,1.0,1.0,9.0,1.0
765,1.0,0.2446843476441809,0.17870582403907637,0.2770797762320296,1.6844791675157111,0.0,8.0,10.0,1.0
766,0.0,-0.4629139632512155,-1.2149195158491866,2.141209346845066,1.7848610801776017,0.0,6.0,8.0,1.0
767,0.0,1.0246935787029468,-0.9423302594706886,-0.24144149100923915,0.18170066871633295,0.0,0.0,9.0,1.0
768,0.0,0.9089657610744434,0.03229186138080353,-0.30213075619279744,0.8590766214497829,0.0,9.0,10.0,1.0
769,1.0,-0.7174778150511276,-0.46880523820471215,-1.1151496254430717,0.2486420774173319,0.0,15.0,9.0,0.0
770,1.0,1.4497983380088697,0.3258431578819249,0.04466858926324716,0.6478601758361481,1.0,10.0,10.0,
771,1.0,-0.016744063436524237,-2.0579313202728766,1.2112769171072082,1.1643294878050499,1.0,10.0,10.0,
772,0.0,1.1337035488027865,-0.7383204690080388,3.9607786374306473,2.154063886071891,0.0,10.0,10.0,
773,0.0,0.16686151661743048,-0.5966567858876031,-0.45254991182603416,1.1951393508293204,0.0,10.0,10.0,
774,0.0,0.6800646602490449,0.23519426078376943,0.24838096283350333,1.1467671703855888,0.0,10.0,10.0,
775,1.0,0.6534955126574664,0.32949006723020985,-0.6169794531108054,-0.2599669445005376,1.0,10.0,10.0,
776,0.0,2.7413593786723727,2.038844993148258,0.467262705444763,0.9543553213847794,1.0,10.0,10.0,
777,1.0,1.4983984292903316,0.2681173116081966,-0.544560980208391,-1.1264541820339455,0.0,10.0,10.0,
778,0.0,0.38533401996359595,0.5860701855429971,0.3788080080753081,1.0347215142157915,0.0,10.0,10.0,
779,1.0,1.7336634576910726,-0.28021974258062526,0.0573804080082502,-0.04658961431586661,0.0,10.0,10.0,
780,1.0,1.6827426401729733,1.6588343659001332,-1.350428141253046,-0.8709176347099202,0.0,5.0,5.0,1.0
781,1.0,0.34965145816480314,-0.548795950057262,0.9091744405704607,0.9967442347975823,0.0,1.0,8.0,1.0
782,0.0,0.6114317634734914,1.0472892596827093,-1.0500119268912238,-0.8340626226041966,0.0,1.0,9.0,1.0
783,1.0,1.2677663065382427,1.8245025020337045,0.35470191607817764,0.15192149667139976,0.0,19.0,10.0,0.0
784,0.0,1.9157120678800164,-0.5490527174109749,0.9975980382967881,1.2142233393957855,1.0,18.0,9.0,0.0
785,0.0,-0.32958303602906347,-0.5374027166890067,-0.5269344226113244,0.16154873187979646,0.0,4.0,10.0,1.0
786,1.0,-0.32939568444012113,-0.6615146687904379,-1.9189028049875374,-1.44018532542337,1.0,19.0,6.0,0.0
787,1.0,-0.91557256595307,-0.16558985418247985,-0.42963360988630084,0.5067013424168251,1.0,1.0,6.0,1.0
788,0.0,-0.27094183171676745,-1.0544741016251074,-0.7611092489907731,0.2677608918551932,0.0,13.0,10.0,0.0
789,0.0,0.19268974611316347,-0.3401369350582181,0.613900527374045,1.2264155047015395,0.0,13.0,8.0,0.0
790,1.0,1.3993544681279597,-0.5417963879229444,1.400574506781574,1.8342437044524105,1.0,10.0,10.0,
791,0.0,1.9233912736673342,0.17276808237743085,0.46763298509189055,1.2307737100802696,1.0,10.0,10.0,
792,0.0,0.9599086466150253,-1.7505015107888575,0.04076260769522023,1.1360755916730292,0.0,10.0,10.0,
793,0.0,-0.6840347295955129,-0.45064311575576815,1.5947452122321304,1.569251904713962,0.0,10.0,10.0,
794,0.0,1.3254034987005316,1.780290461748174,-1.6341394105871843,0.03618440557334879,0.0,10.0,10.0,
795,1.0,-0.8046453715451918,0.17527172777414274,0.31360427814820974,0.5723205714965757,1.0,10.0,10.0,
796,1.0,-0.13901797247112324,-0.6743660229334003,-0.1922781472962924,0.23687889817962454,0.0,10.0,10.0,
797,1.0,0.7132545333828383,0.3606440809755294,0.028378173161494016,0.5344718136330869,1.0,10.0,10.0,
798,1.0,1.3086451832981671,0.5913746835366633,0.45738456387150467,1.6542658204846141,0.0,10.0,10.0,
799,0.0,-0.9700264965711747,-0.620084600574828,-1.224989449305915,-0.5237942962653367,1.0,10.0,10.0,
800,0.0,0.7513556514970277,-0.6281945907938131,0.3012902431816728,1.0084822443321222,0.0,4.0,10.0,1.0
801,1.0,-0.7248811059122631,-0.7781859118830123,-0.7655538017435061,-0.7899813274089486,1.0,14.0,9.0,0.0
802,1.0,0.12271881097223747,-0.4014406010961768,-0.036344844964701487,-0.1607293290489208,1.0,2.0,10.0,1.0
803,0.0,-0.670196850799375,0.028374828277479835,-0.08483021659414697,0.6546644536499482,0.0,1.0,10.0,1.0
804,1.0,2.149935450104282,0.7254926791668801,-0.6736441429139807,-0.43356666617963235,0.0,5.0,10.0,1.0
805,0.0,1.6487709517855218,-1.231876844487492,-0.03561167247038024,0.5970433346220603,0.0,2.0,10.0,1.0
806,1.0,2.0883973968130967,-0.7464686273194576,-0.0937646112436057,2.4096159828687362,1.0,2.0,10.0,1.0
807,0.0,0.6279038202955106,0.7278988334305718,-0.3629973411083996,0.9069340864315414,0.0,15.0,10.0,0.0
808,0.0,0.5820955819475276,0.9229443096919316,-0.5534378695481907,-1.1455495162743001,0.0,0.0,7.0,1.0
809,1.0,1.0661435438649394,0.7968974549870738,0.41932865556086657,0.4310535108364876,1.0,12.0,10.0,0.0
810,1.0,-0.12628466116359838,-1.5089349698679109,2.396466850275811,2.1210640483290075,0.0,5.0,10.0,1.0
811,0.0,0.9009107017912779,-0.33650350112904637,-0.17545497381957245,0.35935370202820927,0.0,5.0,9.0,1.0
812,1.0,-0.3049796269475178,-0.6725738479403365,1.9521523738294895,1.0496534715330474,1.0,11.0,7.0,0.0
813,1.0,-1.0369831890005767,-1.1412235785879203,0.27630209547684237,0.514076472255069,1.0,1.0,10.0,1.0
814,0.0,1.1151116358962727,-1.3371455248442994,-0.5864130568550858,0.49543984948226605,0.0,4.0,10.0,1.0
815,1.0,0.11235709609025629,-0.7997141210303036,-0.8322917401734997,-0.03402555116896433,0.0,19.0,8.0,0.0
816,0.0,-0.8521473205738896,-1.136063540193605,0.6214587542802316,-0.05981233834063748,1.0,0.0,10.0,1.0
817,0.0,-0.48668781056777766,-1.1991660243148456,-0.8146513300716679,-0.6968169484984396,1.0,12.0,4.0,0.0
818,1.0,1.1051065904703923,1.6810607937827517,0.13396484699332661,-0.4475291870762276,0.0,10.0,6.0,0.0
819,0.0,0.6805567297403692,-0.36427033942760667,1.4052044113097262,1.0457246420441089,0.0,21.0,10.0,0.0
820,1.0,0.6865541930747536,0.06382401467447796,-2.0079844029469043,0.42257508937794813,0.0,8.0,6.0,0.0
821,1.0,0.14256406941969846,-0.41441367080097324,-0.2355368241431045,0.605439172773253,1.0,10.0,10.0,1.0
822,0.0,-1.1545120437412468,0.13627326581544424,0.11412625093348427,0.5182862255396857,1.0,11.0,8.0,0.0
823,0.0,0.6424607558212675,-0.24470180011059434,-0.38831401221348055,0.8932610782744754,1.0,15.0,7.0,0.0
824,0.0,0.5285046779079108,-0.23780916951413852,-0.6699361272643901,-0.43028128467652704,0.0,7.0,10.0,1.0
825,1.0,-0.33043751105649544,1.4383680938430767,0.13499670784939838,0.29161643284297034,1.0,16.0,10.0,0.0
826,1.0,-0.1942784374265758,-1.501561285288217,0.29653174474073085,0.23102325058514017,1.0,3.0,10.0,1.0
827,0.0,0.21038793812438022,-1.6051935400945512,-0.5267854785488519,0.09572707151815268,0.0,4.0,10.0,1.0
828,1.0,0.22002222408173588,0.6234917782917158,0.6386933073546048,0.3775891544021933,0.0,15.0,10.0,0.0
829,0.0,-0.7325528398992751,-1.7032395703702201,0.610286781261939,1.8227331715080628,0.0,7.0,10.0,1.0
830,0.0,1.3194615999984916,-0.3402761659482743,-0.1409916754476636,1.0354459551750355,0.0,13.0,10.0,0.0
831,0.0,-0.25633870698306327,-0.6911620551006454,0.6402482682914066,-0.19501928237630262,0.0,1.0,10.0,1.0
832,1.0,-0.3854739824501209,-1.7359311040406875,-0.42832505191534603,0.12879044155784802,1.0,6.0,10.0,1.0
833,0.0,0.8734905735858283,0.04227072428019624,1.363163042643334,0.6681575307555452,0.0,8.0,10.0,1.0
834,1.0,1.8827749299390875,0.43958456855028755,-0.5779141645644764,-0.6195238489762006,1.0,1.0,10.0,1.0
835,1.0,-0.07816938472716017,-1.3949451130336215,-0.42018688204444654,0.4487953270741916,1.0,0.0,5.0,1.0
836,0.0,0.845957061616944,0.17087980453057744,1.3550756678954416,2.363981453636234,0.0,24.0,10.0,0.0
837,0.0,-0.05398565582897641,-1.1600167084389728,1.218111912935678,2.5495987722115934,0.0,9.0,10.0,1.0
838,1.0,0.326997762407964,-1.35675645228165,-1.6085025257212477,-1.0457213155006562,0.0,30.0,7.0,0.0
839,1.0,1.6847310763059877,-0.038585202124265194,-0.2643421396077397,-2.108398266536954,0.0,4.0,7.0,1.0
840,1.0,0.37175551597041,-1.67010266709848,-0.09911452988964736,0.40013342429210114,0.0,24.0,10.0,0.0
841,1.0,0.5948288351424512,-0.9817416373951418,-0.26566780590958855,0.03480821810088297,0.0,13.0,9.0,0.0
842,1.0,0.6337498256798877,-0.9164831485225513,-0.8423807834666812,-0.7259970948638436,0.0,8.0,10.0,1.0
843,0.0,-1.2528395892849489,0.17155519894524857,-0.41467352248352624,0.534836023054245,0.0,7.0,6.0,0.0
844,1.0,-2.3417054459456406,-1.0030347232764112,-0.557969782153282,0.5301223001874178,0.0,25.0,8.0,0.0
845,0.0,0.7586302579898498,0.9253976621740347,-0.2804177606021956,0.4981719040424778,0.0,14.0,6.0,0.0
846,0.0,1.1679804321991352,0.5139210647670036,0.3362776420577708,0.396438603747835,0.0,6.0,10.0,1.0
847,0.0,1.0097866853039823,-0.05267266870487419,-1.4467630790813166,-0.47845812570309276,1.0,4.0,9.0,1.0
848,0.0,-0.3228720940329439,-1.6016640272464309,1.21863842269456,0.8567291082926569,0.0,1.0,6.0,1.0
849,1.0,2.0401500092358433,1.3668391704662977,-0.688404517446799,-1.1531494253915153,0.0,1.0,6.0,1.0
850,0.0,-0.6630507601881788,-1.861838568434494,-0.3617547476416806,0.662900595964573,0.0,19.0,7.0,0.0
851,0.0,-0.15081335852330957,-0.5792698749056355,-0.2646753204929671,0.765657894117389,0.0,2.0,8.0,1.0
852,0.0,-1.7032726261591309,-1.7617047842966405,0.3431534919281189,1.0631427679393113,1.0,11.0,6.0,0.0
853,1.0,0.43170512357919244,-0.007075681040152437,0.6892487694371663,0.3263599249189968,1.0,6.0,10.0,1.0
854,1.0,0.2666983542591762,1.177334727759187,0.5372922228219515,1.7277159760115937,0.0,21.0,10.0,0.0
855,1.0,0.4847076352060222,0.1099935229500491,0.5806166001036501,0.6077605586377008,0.0,2.0,7.0,1.0
856,0.0,2.2950801742172855,0.5297292618334015,-0.5758075512386528,0.5919415007396547,0.0,7.0,9.0,1.0
857,0.0,0.6494481558757255,-2.321345088945029,0.19509364184481492,0.3771851210890075,1.0,4.0,10.0,1.0
858,1.0,0.3448090271984764,0.3149376899308208,1.433909910338803,0.5700929608131867,0.0,5.0,10.0,1.0
859,1.0,0.12015562976072369,-0.8786209229246122,0.44220198748666856,0.579560254421207,0.0,4.0,10.0,1.0
860,0.0,-0.4179632439357779,0.2901868308066203,0.07140538767185518,0.9034753464286206,0.0,10.0,10.0,
861,0.0,0.5368168033796986,0.5722650245037915,0.04940067249178205,0.2935935708668224,0.0,10.0,10.0,
862,1.0,1.6160041484038974,-1.4902898608347823,0.3268650031584764,0.29126467275209517,1.0,10.0,10.0,
863,1.0,2.200728252507382,0.010694674389592151,-0.09153634262320182,0.20916271638443684,1.0,10.0,10.0,
864,0.0,0.3922908811610288,0.623348242724725,1.0480872201582891,1.4016597463928233,0.0,10.0,10.0,
865,0.0,0.7944072310122536,0.6722025638857381,0.8425873922696574,-0.09982876503223292,1.0,10.0,10.0,
866,1.0,-0.12764355164168906,0.3191944318920061,0.26512073727636226,0.7023759298456417,1.0,10.0,10.0,
867,1.0,1.5548394203598708,-0.5254936938959505,-0.39953090498464994,0.6715115763322812,0.0,10.0,10.0,
868,0.0,1.0936065127638444,0.08341961642845253,0.41800508058426733,0.9347168980425666,0.0,10.0,10.0,
869,1.0,0.22180052488565738,-1.1975697540753039,-0.44792732958967957,-0.0659649197383051,1.0,10.0,10.0,
870,0.0,1.149930305065815,-1.0825343034786994,1.1220012168973226,0.6864608450685894,0.0,1.0,6.0,1.0
871,0.0,0.7017363515092683,-0.9395525427818825,0.6409168108124805,0.6115011296147193,1.0,4.0,9.0,1.0
872,1.0,0.657254800024387,-1.6736594794432658,0.31768712289891265,0.6866726805239552,1.0,1.0,7.0,1.0
873,0.0,-1.5008384670139834,-2.6761380115904103,1.160433431473501,3.5150012772275194,0.0,5.0,9.0,1.0
874,0.0,-1.3742553398406656,-1.619391679997071,0.2964141145230287,0.2160943318059808,1.0,6.0,10.0,1.0
875,1.0,-0.8052234103021665,-1.2153689410345976,-0.1565223293578739,0.7032583337165914,0.0,13.0,8.0,0.0
876,1.0,1.106881576812711,-0.6673121368133732,-0.9569981456537051,0.4238988183455237,0.0,19.0,8.0,0.0
877,1.0,3.257106521033951,1.1788484008486915,-0.3287024501222184,0.02016679532824628,0.0,12.0,6.0,0.0
878,1.0,0.9141337842915209,-0.6251643551980766,-0.435694267519419,0.30679516074151175,1.0,5.0,8.0,1.0
879,0.0,0.43076116403215764,-0.9813872910096173,1.6566859439523012,1.6370438545213672,0.0,17.0,9.0,0.0
880,0.0,1.0993553579332906,-2.559228750516523,-0.09168419258138748,0.9906349646365498,0.0,12.0,8.0,0.0
881,1.0,0.5532448508293335,-1.2490089023210835,-0.11142134654388916,0.16878672247565396,0.0,5.0,10.0,1.0
882,1.0,1.1200876091307512,-0.41496896857350074,-0.5469417880372456,0.2942167003722176,0.0,3.0,10.0,1.0
883,0.0,0.14885382765680788,-1.3812796404063976,-0.21707849469426005,0.19724458752696306,0.0,8.0,7.0,0.0
884,1.0,0.49122446106394646,-1.7450801039819481,0.1485093019792086,0.8960708059919388,1.0,6.0,10.0,1.0
885,1.0,0.27899577006971654,-1.5229300228825748,-0.03922759205063846,-0.26158339753032056,0.0,4.0,5.0,1.0
886,1.0,0.3701541942122729,0.5000391024111819,-1.2053103121394109,0.7463314540804462,0.0,13.0,6.0,0.0
887,0.0,0.6584577080322762,-0.6442484147071176,0.14250216195388823,1.536568217185736,0.0,1.0,7.0,1.0
888,0.0,-1.8240803761696673,-1.0849088251589083,0.9993215881325251,1.0323997972527228,0.0,10.0,10.0,1.0
889,0.0,1.3422804269427904,-1.8968506278235153,-0.2767881617832887,0.8327100052223959,0.0,8.0,5.0,0.0
890,0.0,-0.3914978205284162,-1.102293579363598,0.35308978744945113,0.48875670585150427,0.0,5.0,10.0,1.0
891,0.0,-0.4166417445030184,-1.100008151530728,-0.1674974977301094,0.8748817817534991,1.0,0.0,8.0,1.0
892,1.0,1.3363046197177488,-0.47331424499148117,-0.4485947896497066,1.5905157551380267,1.0,6.0,5.0,0.0
893,0.0,-0.8816622476844178,-1.6015053072529821,-0.6752797809502076,-0.055820325004656945,0.0,22.0,8.0,0.0
894,1.0,-0.038185542786357884,-1.183173610295877,0.336020724805697,1.155158711494881,1.0,0.0,6.0,1.0
895,1.0,1.009786716130733,-0.7994238782758977,1.1389841201909565,0.8507213949962726,0.0,11.0,10.0,0.0
896,0.0,1.9832006994926585,-0.5988213095791821,2.204307536496419,1.7950087325334394,1.0,28.0,10.0,0.0
897,1.0,-0.4660322399983301,-0.8310215176251982,-0.45971745223838323,0.47449407288896017,0.0,7.0,6.0,0.0
898,1.0,0.9184682339509347,-0.6901108301246512,-0.36865437820234587,0.9898789022802523,0.0,1.0,10.0,1.0
899,0.0,1.3932533166994574,0.1592859382294574,-0.3585307409720885,0.34006663807038096,0.0,0.0,4.0,1.0
900,1.0,0.8086586656735737,0.16118355900770936,-0.070994143255308,0.5487242150750087,0.0,8.0,10.0,1.0
901,0.0,1.2696976115159213,0.12444892166715044,-0.79322123313503,0.19840612501909455,1.0,14.0,10.0,0.0
902,0.0,-0.8222305179561111,-1.6732791491833576,-0.7390215371205707,0.49367231717308224,0.0,5.0,3.0,0.0
903,0.0,-0.5515656666650814,-0.14129090525845103,0.0774041099184371,0.8316249972877449,0.0,2.0,5.0,1.0
904,1.0,0.6780411072205808,-0.14977105813752975,0.24414657762209388,0.5710086412361937,0.0,4.0,8.0,1.0
905,1.0,0.04677750746457826,0.22330511309078788,-0.04783076636170818,0.44543334545707036,0.0,12.0,10.0,0.0
906,0.0,-1.7163838020276345,-2.0053036635856274,0.2981174727243341,1.0911180677649752,0.0,15.0,6.0,0.0
907,0.0,1.2911849918498288,0.22009995721265557,-2.402195612042987,-0.0863202974700602,0.0,3.0,7.0,1.0
908,1.0,0.6788151507295019,0.5854678062308418,2.71033902362131,2.307641953231173,0.0,20.0,10.0,0.0
909,1.0,1.2962378548778375,-0.7160216656332873,0.21927598268764775,0.7997342401558135,1.0,6.0,10.0,1.0
910,0.0,-0.2678369350842008,-0.24423300361839684,0.32879231639899015,0.9219593605182598,0.0,10.0,10.0,
911,0.0,0.1322755056417637,-0.9112713102118992,0.7742489876720202,0.5867050527024422,0.0,10.0,10.0,
912,0.0,0.37704020816184347,-0.6354796286792286,0.5277951649624184,4.201991190135835,0.0,10.0,10.0,
913,1.0,1.8293384298222186,1.626783718407624,0.09235851619335403,0.2054742841753368,0.0,10.0,10.0,
914,1.0,2.062924983417422,-0.011548072996931558,-0.42082405571939996,0.09487458224681117,0.0,10.0,10.0,
915,1.0,-0.9530202569295201,-0.6818474734803182,0.20789675274460453,0.07641380020433652,0.0,10.0,10.0,
916,1.0,1.7904960404492594,0.048724955148350624,-1.1715089781084325,-0.09979648194137958,0.0,10.0,10.0,
917,0.0,0.7470952703411837,0.23828036753848097,0.2471589029723696,1.380355535832839,0.0,10.0,10.0,
918,1.0,-0.8472385478995976,-1.4450964486704456,-0.2448682878512854,0.3382355622122174,1.0,10.0,10.0,
919,0.0,-0.009896881653072453,-0.12316360850193092,-0.753709027553527,0.49182377101675967,0.0,10.0,10.0,
920,1.0,0.8716679208745117,-0.7262194945836724,-0.3808909199747613,-1.4857812094215288,0.0,9.0,10.0,1.0
921,1.0,-1.4091364756921,-1.1912381516191046,0.7183308229320003,1.03407558000272,0.0,5.0,8.0,1.0
922,0.0,0.1636959157668723,0.03796286310276925,0.08508465668994383,0.30124808598395464,1.0,5.0,6.0,1.0
923,1.0,0.3038453271845586,0.3488899259617125,0.32313488213871144,0.5825057341532084,1.0,16.0,5.0,0.0
924,1.0,0.3193778882649724,-0.1436250025186297,1.565503511295536,1.9624288166233352,1.0,8.0,10.0,1.0
925,0.0,0.9831785505609626,-0.2304558524193157,-0.5038784435911406,0.627466136005959,1.0,0.0,5.0,1.0
926,0.0,-0.09664758925720218,0.28936080222070654,-0.9056207990759353,-1.1344681127873297,1.0,16.0,3.0,0.0
927,0.0,0.08078433057905415,-0.12594565866543628,0.27711024680692714,0.8632429152762515,1.0,3.0,8.0,1.0
928,0.0,-1.7484883915570566,-1.6848019063837378,-0.04880281717370491,0.7306978305371065,0.0,24.0,10.0,0.0
929,1.0,1.1292609322260923,-0.2071015956843027,-0.529901972575929,-0.3237633302443158,1.0,1.0,6.0,1.0
930,1.0,1.2012321890495792,-0.01137350280888133,0.2487579011932943,0.2966494633480125,1.0,9.0,10.0,1.0
931,1.0,-0.4900704257565185,0.8953746833693852,0.40059680239931844,0.5693312450499061,0.0,11.0,10.0,0.0
932,1.0,0.5532660376517029,-0.4322038121905049,-0.15971102132674436,0.08859741537291349,0.0,3.0,10.0,1.0
933,0.0,-0.5844256575706868,-0.5456510704054236,-0.6216254538686792,-0.8155431924431021,1.0,10.0,10.0,1.0
934,0.0,0.16011608952536133,-0.23298566201669968,0.0560712502961476,0.473461414411726,0.0,0.0,6.0,1.0
935,0.0,1.1636344453383634,-0.09495209004610486,-0.33683681217844436,0.26323529812912083,0.0,0.0,9.0,1.0
936,0.0,-0.3382672403887914,-1.0782848774634906,0.6055834975718958,0.7663640479946933,0.0,9.0,8.0,0.0
937,1.0,-0.07330737092615769,-1.040331179967021,0.8080208529378888,0.7850739044395187,0.0,1.0,10.0,1.0
938,0.0,2.015242022350695,-0.472137854423642,-0.4014264559745203,-0.5074707925398475,0.0,6.0,7.0,1.0
939,1.0,0.7919741219534597,-1.0231919328109393,-1.7340794314532,0.005000896065790794,0.0,7.0,9.0,1.0
940,0.0,-0.18856820599175672,0.6135898444030812,2.9417295365629386,1.924307245050286,0.0,10.0,10.0,
941,0.0,1.6383127512942244,1.4140027951465088,0.16892850829153144,1.4893597509998675,1.0,10.0,10.0,
942,1.0,0.18424163710231234,0.5608136559242953,-1.4610045932215183,-0.755513641673896,0.0,10.0,10.0,
943,1.0,-0.1479056917319269,-2.0616745052770864,0.4487575185154075,1.0398747879227885,0.0,0.0,3.0,1.0
944,0.0,2.1551484147614666,-1.1963232186186734,1.08752428041176,0.994612795818908,0.0,10.0,10.0,
945,1.0,-0.2881596716495012,1.6918897025728674,0.24251949309185228,1.2585973396187016,0.0,10.0,10.0,
946,1.0,0.47196595781889644,-1.3431296992425026,-0.7398020678848823,-1.565906247257673,0.0,10.0,10.0,
947,0.0,1.969588650961647,0.7718662252819526,0.0026332379982479666,0.5585191290514131,0.0,10.0,10.0,
948,0.0,1.3876327525443382,1.2957711486054453,0.12041097734173488,0.17895707838216318,0.0,10.0,10.0,
949,1.0,-0.1726630154262614,-1.0737487805159485,-1.7809291453979579,-1.3191173898777508,0.0,10.0,10.0,
950,1.0,1.3860722907433807,-0.639651138648345,0.3893487904225968,0.6540909486610597,0.0,10.0,10.0,
951,1.0,-0.1973311470019199,-0.6522762491109476,0.19680900428304654,1.691169349553081,1.0,10.0,10.0,
952,0.0,0.7299758142519569,-2.241304969941378,0.4386356667285752,0.6283755019086866,0.0,10.0,10.0,
953,1.0,1.491822126635003,-0.8815383158730061,0.16950855670457102,0.9657984451339034,0.0,10.0,10.0,
954,0.0,1.5203750855515474,0.07065825550874538,0.10142550575060251,1.7886359770915603,0.0,10.0,10.0,
955,0.0,2.4594576155756696,1.9115017507015353,-0.6830791752539733,-1.0110156252408382,1.0,10.0,10.0,
956,0.0,-0.4388318552443047,-0.15077261327278457,-1.8176211334825125,-0.11411760499708112,0.0,10.0,10.0,
957,1.0,2.2855098502445905,1.4114809605252776,-0.09253015874183651,0.7977016404882673,0.0,10.0,10.0,
958,0.0,0.21395160736077262,0.7405253784152019,-1.4503273263055094,-1.659045937238667,0.0,10.0,10.0,
959,1.0,1.4174164428234823,0.024786340219310532,-0.07648910523935455,0.5032424172650202,1.0,10.0,10.0,
960,1.0,0.7528745346161191,-0.4606442195603482,0.24941651804000026,0.6407896363928949,1.0,10.0,10.0,
961,1.0,0.899901425658628,0.10323155352056868,0.35383042422725103,1.0810622583917744,0.0,10.0,10.0,
962,0.0,-1.0443899935892755,-1.251202187908143,0.07011801351128391,1.6117286702022353,0.0,10.0,10.0,
963,1.0,0.09811137670019632,0.02962783011726977,0.5909233176594039,0.696252536993922,1.0,10.0,10.0,
964,0.0,3.304025881763816,1.6148379552212475,-0.5123017730812975,-0.2052643137078376,1.0,10.0,10.0,
965,0.0,-1.3055375657210044,-1.304033342737267,-0.4963084185648906,0.3513242601314658,0.0,10.0,10.0,
966,0.0,0.3202626514414223,0.3023854702282884,0.8606560586183029,1.6602558821118123,0.0,10.0,10.0,
967,0.0,1.2154330958542408,-1.0616400399158463,-1.0847021817393165,0.45096684725502223,0.0,10.0,10.0,
968,1.0,-0.28285438137493035,-0.44718434549536473,0.09858801281845789,0.11520083657712138,0.0,10.0,10.0,
969,1.0,1.3503726038112058,-0.14965639915231396,0.5993102888896744,1.61951418547173,0.0,10.0,10.0,
970,1.0,-0.23658462245749423,-0.9181364229972042,-0.43048189332805203,0.32348964702020827,1.0,10.0,10.0,
971,0.0,2.493424921492848,3.44397909212374,1.1723869655162986,2.066639608882824,0.0,32.0,10.0,0.0
972,0.0,0.929471415789626,0.11689191801541127,-1.8588510711649096,0.3224137800428032,0.0,10.0,10.0,
973,1.0,-0.8323003330624077,-1.3348124931970216,-1.3266870221172085,0.26933915609832987,0.0,10.0,10.0,
974,0.0,1.3768101640050776,0.8985216814556878,0.12939626410363844,0.534469132351159,0.0,10.0,10.0,
975,0.0,-0.2704924755561602,-1.086294415700086,0.6317519357095649,1.6417921172362777,0.0,10.0,10.0,
976,1.0,0.13376851263531075,-1.172623772490872,-0.18709248870718387,0.9699651851631725,1.0,10.0,10.0,
977,1.0,2.3805277827643017,0.7099284850283025,0.22123207498235295,0.7043689162184258,0.0,10.0,10.0,
978,1.0,-0.40024617994757816,-1.5741989380109345,-0.04164643236758401,0.5507319434135391,0.0,10.0,10.0,
979,0.0,0.22052635086315747,-0.5812969991640643,0.6915596395332926,2.628150726874733,1.0,10.0,10.0,
980,1.0,-1.108751173720691,0.7364425164561463,0.12055126919507846,0.8517086547242461,0.0,5.0,3.0,0.0
981,1.0,1.3332516170485618,0.2280374503258647,0.5883398348493857,2.044673929421794,0.0,18.0,10.0,0.0
982,0.0,0.49292730354872033,0.2384836303691798,3.5827067064911176,1.6803991852524809,0.0,31.0,10.0,0.0
983,0.0,-1.0194284492730132,-0.7295129908028246,0.1067901495887196,1.6001210137015547,0.0,1.0,10.0,1.0
984,0.0,0.7318826698828899,-0.19470840790069047,-0.5805935485096826,0.46124259617800967,1.0,0.0,10.0,1.0
985,0.0,2.1140737384649295,0.6220937627453111,0.3556204126746283,0.6637652418771103,0.0,11.0,10.0,0.0
986,1.0,-0.4024104409561401,-2.22013943542819,-1.417550373735615,-2.119920291622761,1.0,22.0,2.0,0.0
987,0.0,0.061202144345252896,-0.8614824927057472,0.15755293228235862,0.6944555628721736,1.0,5.0,10.0,1.0
988,1.0,-0.07184872079144167,-0.5132780536026155,0.33343334135004254,0.1792110303469575,0.0,7.0,7.0,1.0
989,1.0,0.3115331363473674,-1.0426305266714062,0.5374518954863918,0.6820199264175266,1.0,1.0,8.0,1.0
990,1.0,0.8724465642589319,-1.4662476692102853,-0.7446398508645475,-1.4159440021230805,0.0,9.0,7.0,0.0
991,0.0,-1.6653988010375333,-2.270723822759144,-0.3784395140844166,-0.3164984661485255,1.0,11.0,7.0,0.0
992,1.0,1.7470604295541758,0.9674809770740471,-0.31742663290503237,-1.0612239859088706,0.0,10.0,10.0,
993,0.0,0.25085571903215975,-0.2906645391712497,0.7170619666283303,1.4140156551437901,1.0,22.0,10.0,0.0
994,1.0,1.5173285729011745,-0.542088227398282,0.08549263063372711,0.43471968923685733,0.0,10.0,10.0,
995,0.0,-1.3868457286434572,-1.4024842722737343,0.5002037162032306,0.5938413273804817,0.0,10.0,10.0,
996,1.0,-1.0587610043942288,-0.9641400601530392,0.14070538906572297,2.9113057463029626,0.0,6.0,8.0,1.0
997,1.0,-0.06852101177114822,0.18651532283422484,1.6231352643747072,0.8734465679350449,0.0,10.0,10.0,
998,0.0,0.999429423561145,0.8259895239436463,-1.441660495932893,0.5200185470162606,0.0,0.0,5.0,1.0
999,0.0,1.8061477831726753,-0.225161104197354,0.2518435687074064,0.727194563589191,0.0,10.0,10.0,
