,0,1,2,3,4,5,6,7
0,0.0,0.85082590068707,-0.8261347202083129,-0.3821327591356538,0.18648454282993243,1.0,1.0,8.0
1,0.0,0.8176791353552262,0.49285942335505445,0.28156995708100013,0.13705267150496353,1.0,6.0,10.0
2,0.0,-1.2901049483071803,-0.5963619677805483,1.3260781349316428,1.0976313451096207,0.0,0.0,8.0
3,1.0,-1.0072579238695463,-2.2172330081396376,-0.9193352584462069,-0.1434407067600586,0.0,20.0,10.0
4,0.0,-0.6068402832869391,-2.44231739842372,0.17085051346772512,0.6876171652251887,0.0,13.0,10.0
5,1.0,0.7260990440451522,-1.624313884535,0.266388628075083,0.8175060319326077,1.0,6.0,10.0
6,1.0,1.8810664394924934,0.5385731185240652,-0.4794300314066876,0.18547418760032436,1.0,5.0,9.0
7,1.0,0.8967148681339062,-0.32996416124712324,0.5527655935428192,1.242724573626345,0.0,12.0,10.0
8,0.0,0.35173959101291286,-3.453083138907751,-0.1667177047482488,1.1604524045376694,1.0,4.0,10.0
9,1.0,0.34343063390058537,0.9748300758356347,-1.0299311639277697,-0.30225117571339344,0.0,4.0,10.0
10,1.0,1.6457746861977642,0.6115763279116182,0.2500438511559232,0.9702431936059321,0.0,9.518371830116696,9.1894038713323
11,1.0,-0.24743677533077324,-1.3185630403512067,-0.2827509971138347,0.45587099710480383,0.0,7.928128532062768,7.902859730543955
12,0.0,0.5115148872221627,-0.19198223604184672,-0.6488627268787913,-0.11087534837631963,0.0,8.177697617492631,7.774820347574098
13,0.0,1.0508255705197955,-0.03627487608617436,-0.0008172535778046213,-0.3667434608560135,0.0,8.374627995167796,7.890945591294779
14,0.0,1.5139729004905118,-0.13822625205864494,-0.6063018414114897,0.7784789876095659,0.0,8.88289815185545,8.23855134299287
15,1.0,1.747907361950987,-0.4106506170099423,0.07611583437017054,-0.4710869017351992,1.0,8.720789393314249,8.040928498534118
16,1.0,-0.916593653777332,-0.5305455789078619,-4.163234282878786,-2.1090097926741063,1.0,6.452677516652834,5.974459557725505
17,0.0,-0.19709825602712905,-1.2849984525761053,1.6246413981687946,2.890282756968693,1.0,9.675366468098565,9.636230782926614
18,1.0,3.290803752739701,0.18226449654503124,1.1040483424618672,0.6300800460224683,0.0,9.765136431124501,9.00461127283358
19,0.0,1.5246063855132344,-0.10147186008054074,-0.9745117413675521,-0.1012305381956331,0.0,8.419863465416977,7.6929154894208605
20,1.0,-1.354825214224955,0.3004909467129196,-1.692149401069889,-1.3760720039013274,0.0,7.1691458473164005,7.355743760060417
21,1.0,1.0797530964086335,-0.08858250333136428,0.25722281666423114,1.1471472720615732,1.0,9.470768004800432,9.107002475059263
22,0.0,0.934280566492403,0.031003361114388672,0.12702300571125905,0.13122298642272318,1.0,8.919722515499245,8.36350095072961
23,0.0,-0.9375291460566333,-0.7547168377538036,0.22653088491123713,0.5573440660829373,0.0,8.054318732128367,8.156939735497987
24,1.0,0.9183883840088933,0.6035081006532734,0.5616547451291135,1.2902632801540248,0.0,9.534935412392777,9.467316936193992
25,1.0,0.9431512735417695,-0.2566438848344213,-0.3288548343649805,0.6329838758009508,0.0,8.730332589930823,8.450741687062905
26,0.0,0.3098224651483237,0.7015944081574219,0.24084091456286144,0.7145915934923798,0.0,9.029050086671807,8.89998900179689
27,0.0,-0.26780075807042125,-0.7845660381275875,-0.7133340251451938,-0.7134744895303377,1.0,7.738212842451364,7.327730993507773
28,0.0,0.5324397089089409,0.7378677835248495,-0.9664849815285618,-1.7194646549936383,0.0,7.737608223489307,7.296614529976487
29,1.0,1.475036871183125,-0.6125104465784134,-0.043428996536910354,0.6467988689673646,1.0,9.075002363040191,8.494843014178137
30,0.0,0.6678156578565709,-0.6496413658852552,-1.1499009170632015,0.1730011077256518,0.0,13.0,9.0
31,0.0,1.4254278189407235,0.049758998943009,-0.9035946184786745,0.050002689981645365,1.0,8.0,10.0
32,1.0,0.1919243139495907,-0.7713307027226839,-0.11537798163364353,0.39759923743782766,0.0,5.0,4.0
33,0.0,0.9014590692830899,0.3645030142128209,-0.7496756231241267,-1.0925720712540952,1.0,1.0,3.0
34,1.0,-0.10805660952726548,-0.7860814085070383,0.0918831804385873,0.6968784681316977,0.0,2.0,9.0
35,1.0,-0.8540697190591662,-1.0954046898894931,0.034283951368833956,0.5799505424715149,0.0,20.0,5.0
36,1.0,-0.3795691895017108,-1.3098174449098179,-0.7813730437757443,0.834058893077555,0.0,14.0,6.0
37,0.0,-0.8454468009569505,-0.611712613159576,-0.6408923108111959,-1.0463873117272025,0.0,15.0,4.0
38,1.0,0.7715186010362743,0.6418147971136423,0.19797016657255287,1.0695177184255855,0.0,5.0,10.0
39,0.0,2.0147292681867848,0.51810663812651,-0.05926478105210688,-0.8431773154263226,0.0,4.0,10.0
40,1.0,0.510114918249382,-1.2770528823358105,-0.9302214743940652,-0.9893593029416824,0.0,13.0,3.0
41,0.0,1.7479137157690294,0.1302105170299393,-0.09417074041158051,0.4310702501174952,0.0,6.0,10.0
42,1.0,-1.66397710488439,-2.13081743031576,0.8215537611401742,2.16664311443427,1.0,13.0,10.0
43,0.0,1.698121724943045,0.3245724629440518,-0.0823299607162882,-0.8710161684941354,0.0,0.0,5.0
44,0.0,0.3600573701929413,0.7104918652340566,0.4746194273603151,1.8024070527140026,1.0,4.0,10.0
45,0.0,0.30807225745616656,-0.7485815171542975,-0.5289550196415334,0.6992088175821506,1.0,2.0,10.0
46,1.0,0.6400168142277299,-0.410650475702655,0.4000003284428213,0.8707829150754816,1.0,3.0,9.0
47,0.0,-0.4974176080421282,-2.4387763157547555,0.7335520148068958,0.18225961862275764,0.0,14.0,10.0
48,1.0,-0.8458671140400003,0.27193826804665683,0.2921766072624777,0.5633536666307996,0.0,4.0,10.0
49,1.0,1.1427239829153666,-0.4006234079066081,-0.7649637840427999,-0.2331412677411152,1.0,4.0,2.0
50,0.0,-1.3490723585821418,-1.7736731137416297,1.2874428327829914,1.332358466782333,1.0,5.0,10.0
51,0.0,0.009263199154908586,0.22883637545532137,0.40630979601241146,0.5728693056794707,0.0,6.0,10.0
52,1.0,-0.3097495924124565,-1.4796714723746789,0.3450210761563377,1.987453539751323,0.0,0.0,8.0
53,1.0,0.4116649512275537,-1.3916305027443556,0.048470037621671985,0.5481369701486564,1.0,6.0,10.0
54,0.0,1.7554280724298759,-0.6579716745406577,-0.8054674811994106,-0.913332174141784,0.0,4.0,9.0
55,1.0,-1.1471928945900027,-1.9047520731430068,-0.08224031828620927,0.1557133356360103,1.0,14.0,8.0
56,1.0,-0.08808432732029514,1.3260465372712469,-0.7152198567182472,-0.7994423966455292,1.0,0.0,5.0
57,0.0,0.4696757660395502,1.6674867127032018,1.2141625592713647,0.9126069915449632,0.0,24.0,10.0
58,1.0,0.008443673805604679,-0.8795962960977521,-0.7506795572166114,-0.24057608119554463,1.0,4.0,7.0
59,0.0,0.4447000929201989,-0.41986232758723546,0.14462767831238726,0.5875843163538833,0.0,1.0,6.0
60,1.0,0.36760238366615927,-0.7744662389659835,0.6735028954912491,1.7699152806945482,1.0,9.38381895770944,9.24597855592621
61,1.0,-0.6437019207776724,-1.6632804166070563,0.21085294968558996,0.13074797739135607,0.0,7.625630791709294,7.728668782905434
62,1.0,-1.4198873860972538,-1.867748059604865,0.0814746141414659,0.6143992308586912,1.0,7.8402278710482864,8.009460093972379
63,0.0,0.7427880071215107,-0.46648813937364986,0.13173936797233923,0.6178427891034839,1.0,8.903037522127295,8.383524056117222
64,0.0,-1.1943189765191853,-0.3771413290547132,0.3379130968319586,0.4739235438096835,1.0,8.40986940737276,8.47831995831476
65,0.0,1.6648390022450217,0.2031358869481497,0.0004517296292820932,0.060510968056699976,0.0,8.828691009480979,8.206210961490733
66,0.0,0.19047394778314397,0.8506198231298843,0.3697113316666058,0.03767342566805876,0.0,8.76220288229741,8.66427655118506
67,1.0,-0.17143176069143373,0.1728719727249876,0.4709315405134523,1.1924175562779045,0.0,9.021562215934036,9.219797984501238
68,0.0,-0.39212416226314817,0.00043330933863106047,1.6642390476597981,1.5159257639767243,0.0,9.204375114878871,9.421147320262172
69,1.0,1.4759464200016057,0.931824064994514,-0.4185576196991373,0.3095268600420019,0.0,9.170190691070356,8.810290845176612
70,1.0,1.1276909959785844,-1.0799699787274484,-0.3298792393449431,0.12260764511722777,1.0,1.0,10.0
71,1.0,0.37889655244604115,-1.8957119530480293,-0.8858244775421563,0.3660139830060988,0.0,7.709251257836209,7.3798522266739965
72,0.0,0.9893701290418924,-0.27322448571885943,2.662862603173984,1.4140915467744164,1.0,21.0,10.0
73,0.0,-1.9255327294214988,-2.795124097023408,0.642792216112534,0.40995366448493786,1.0,7.2880094756758735,7.39838106082615
74,1.0,1.4023362476815564,-0.14752465597318629,0.15370545395574275,0.8217619315825603,1.0,9.358567085465141,8.869265379854474
75,1.0,1.5892991804256018,-1.6307159830646552,1.8984270703474568,0.7486881099837395,1.0,16.0,7.0
76,1.0,-0.07006076204866485,0.003394456691773906,-0.2857507664214002,0.11849564079213654,0.0,8.338623121646439,8.3569505162124
77,0.0,0.058995142654847954,-1.873682216768869,0.23677566303615966,3.1711441105220177,1.0,2.0,10.0
78,0.0,0.7615202232993229,1.4276919997910875,0.33537577736245283,1.636423014609957,1.0,10.174905979375247,9.878875072754465
79,0.0,1.0524393889889159,0.7495304180677167,-0.7683068041388733,0.35739629617460283,1.0,9.179900756807047,8.556820215411014
80,1.0,-0.21035870687726166,-1.1405638691732396,-2.066396876041178,-0.30835223291687175,0.0,13.0,10.0
81,1.0,0.8933586118731105,-0.610293317200302,0.362554534702248,0.41852698170950325,0.0,4.0,8.0
82,1.0,0.2431900998299782,-1.1222361769408553,0.5260695401537225,1.0792094676783246,1.0,6.0,10.0
83,1.0,-0.5322402794644594,-0.6059772339569038,0.4543117604619517,1.2981636725142622,0.0,0.0,10.0
84,1.0,1.2161364642229069,-1.0912016472138624,-0.05325657386819708,0.38536014268625174,1.0,5.0,10.0
85,0.0,1.5073036783519578,-1.8360248101494172,-0.3269848365416952,0.8911243931983099,0.0,4.0,9.0
86,0.0,0.679533045244775,-1.0078343738833533,-1.5725394876906362,0.2977580109830787,1.0,6.0,7.0
87,0.0,-0.3909503876520911,-1.1534361531609583,0.44475992785200286,2.325445773477498,1.0,7.0,10.0
88,0.0,2.13076041384192,0.45865038753629767,-0.5591744047337632,-0.2643834500684684,0.0,8.0,6.0
89,0.0,-0.08329326836998152,-0.6358353398500427,-0.4046342791226068,0.3978230389596805,1.0,3.0,10.0
90,0.0,0.8535894574870573,0.274104197428302,0.6919682441004595,2.4895968690028325,0.0,21.0,9.0
91,0.0,0.8104206910042967,-0.24346501824882943,0.10771941800959257,0.5914395199154215,0.0,0.0,4.0
92,0.0,-0.22548665377987098,0.4417726979909736,0.28401432906903995,0.7487868034683964,0.0,8.812266424530767,8.823600240549144
93,1.0,1.3364550530397932,1.2435226948362188,-0.4319096584030133,-0.06413144352900635,1.0,9.370717163091356,8.909385319374207
94,1.0,-0.5890832410046465,-0.3718895631859899,0.2658528407127386,0.4895485492484865,0.0,8.330465188169123,8.54871073980244
95,1.0,-0.08601024319491324,-1.2740273467445438,1.4898613903603926,1.1510479158882267,1.0,10.0,6.0
96,1.0,1.3082492080607442,1.1448120227843557,2.0120252099465477,0.8964122209085812,0.0,15.0,10.0
97,0.0,0.24274613183468935,-0.144214500473251,-1.1207677187223815,-1.1519098725469963,0.0,7.552576418291975,7.1299572218496285
98,1.0,-0.5446581911673996,0.5971405411596298,0.2877339043427788,0.18962727186809752,0.0,8.588947512537828,8.864411076160785
99,0.0,0.020099471099619626,-0.8089096172840583,2.0029905171950726,0.6079721088270932,1.0,8.914385644376678,8.791371363871399
100,0.0,0.5974056862159599,1.3565922497469554,0.7028185480667555,-0.004536351290840623,0.0,9.0,10.0
101,1.0,-0.3141088844744161,-1.5319904948044174,-0.2813642287365721,0.3770074800327955,0.0,2.0,10.0
102,0.0,1.1704177846918447,-0.8018115322899733,-1.38630768644068,-0.10480094111229188,0.0,1.0,4.0
103,1.0,2.138022645150004,1.648369230844814,-0.11771086426145976,1.4885267074470514,0.0,16.0,10.0
104,0.0,0.06263670609671623,-0.6136451661165636,0.7815456593194853,1.7877192890467808,0.0,2.0,10.0
105,0.0,1.1585692123830937,-0.03287817508126689,0.23433732757069203,0.3711968767706093,0.0,18.0,10.0
106,1.0,-0.17840255116272075,-0.8031570366693704,-0.38318538708785904,1.1524158740231831,0.0,4.0,6.0
107,0.0,0.7722248065511549,0.2184480077512026,1.6038034256325315,1.2687290006132153,0.0,20.0,4.0
108,1.0,0.690508668874138,0.04458446667513394,-0.10782398125858307,-0.11258767920813084,0.0,9.0,7.0
109,1.0,1.1408928931125906,-0.5669222462294958,0.36437985182728383,1.085407378151475,0.0,11.0,10.0
110,0.0,-0.13209568165688346,0.04096492588262246,0.10084378387059258,0.1863379758397133,0.0,0.0,5.0
111,1.0,1.6990259545060833,0.10075030687779934,0.1401186335890195,0.4595516057164834,1.0,3.0,7.0
112,1.0,-1.824861545356745,-0.01358958324749393,-1.1516264308203523,0.015784019680919803,1.0,15.0,10.0
113,1.0,2.1852714904933714,1.0287039796728326,-0.07213072071483345,0.6181696798144417,0.0,25.0,10.0
114,0.0,0.8513748255642078,0.20871259022708416,0.4389634412132775,1.694506131797049,0.0,5.0,10.0
115,1.0,0.04623175125883805,-0.03451250413899415,0.09780488385215713,0.45542585159142085,1.0,9.0,10.0
116,0.0,2.09549403904839,0.693948021240349,-0.3785112693857602,0.4418238212866079,0.0,4.0,10.0
117,0.0,0.661383255240025,-2.6155353092969698,-0.18618966541809093,1.3692408363688169,0.0,7.0,10.0
118,0.0,-1.087877881512138,0.22313124797361167,-0.5347643389469774,0.2544118233750676,1.0,7.0,10.0
119,1.0,1.811139817503285,0.526639243918487,0.4695257772616736,1.213926394990831,0.0,13.0,10.0
120,1.0,0.17192575681840883,0.24835626835087926,1.0150391591700387,1.4837574889713185,0.0,9.375017013573823,9.555720251910262
121,1.0,1.2050118093577642,-1.5929232466031662,-0.98924793953057,0.324976243276042,0.0,0.0,3.0
122,0.0,0.25803939978566937,1.010001420127778,0.1990655295280913,0.849967381998473,0.0,9.194181176213013,9.107429738535814
123,0.0,1.870160492210072,1.7919644459568878,-0.339281966666646,0.52587078379398,1.0,9.960157902457478,9.24387778334646
124,1.0,1.4741415936141293,0.24497196598061483,-0.6355286337506836,1.7002066727998644,1.0,9.803595445662893,9.27556925194157
125,1.0,-0.2133076495176337,-0.557828197724827,-1.0039800886528678,0.11447324072638121,0.0,7.947795769426822,7.87777313365453
126,1.0,-0.5329452583780276,-0.7846287237983645,-0.03788085885942983,0.374048781021047,1.0,8.363126715219865,8.34060764562519
127,0.0,-0.45945893302026597,0.07343947521087607,0.8786631508338829,0.7773324098602243,1.0,9.017790336233844,8.986503555505077
128,0.0,0.3475872800081532,0.5175525042705931,-0.2133166605781873,0.1226673340772278,0.0,8.605345053203234,8.370510852317901
129,0.0,1.3074618528392836,0.6853327931704456,1.825862933734075,2.030494306328709,0.0,14.0,10.0
130,0.0,1.4951014640815727,-0.05990716050100198,-2.5462535673772093,-1.295845122907639,1.0,15.0,6.0
131,1.0,-0.367185816558247,-0.9204747534401239,-0.11279792945138097,1.0910414803440338,1.0,2.0,8.0
132,0.0,0.4471843821251448,-0.34826670811088056,0.1408601629283068,0.16215972634998493,1.0,8.661147556990699,8.217749751074793
133,0.0,0.23190219432876924,-0.18084610877914925,0.5021899077897203,-0.5791857376443793,0.0,8.097529165286872,7.888083829360587
134,0.0,1.1796215140949122,1.4499235003426254,-0.8856163684377423,0.12052299733384142,0.0,9.06667737066824,8.590600374888288
135,0.0,0.9948548646763056,-0.6451548371516941,-2.1512857201423015,-1.0954211739110082,1.0,24.0,6.0
136,1.0,-0.6684258966190457,0.1640994273739954,0.8889380766388231,1.1095634847519356,0.0,3.0,10.0
137,1.0,0.6797211010612475,-1.1856625975957118,-0.1350984765869635,0.22054180554676883,0.0,8.135129935555065,7.85766205492977
138,1.0,1.2403066681872716,1.9263153298025306,0.5335253779956457,0.988118128419335,0.0,14.0,10.0
139,1.0,1.6088478688950758,0.8790861838427273,0.7004322345214239,-0.30204188161174783,0.0,9.097573077671012,8.795553249623222
140,1.0,-0.6660572208750137,-0.03954521754505641,1.2004001955235575,0.4692218177928561,0.0,0.0,7.0
141,0.0,-0.7205687951676882,-1.5636952155106534,-1.065920591496819,0.37970505450184033,1.0,11.0,4.0
142,1.0,0.5223643341893289,0.45464395745036074,1.547131831786883,1.2673661955856268,0.0,11.0,10.0
143,0.0,2.364644509050501,-1.0276006499363284,-0.11339400323218414,0.7220852321161357,0.0,2.0,10.0
144,0.0,-0.37446293686870313,-1.5823878595688463,-0.15632492638213127,-0.11891193083262741,0.0,7.483659966593956,7.278105859275881
145,0.0,-1.2263058727720553,-3.0288696737140555,-0.2862342667952286,-0.39074030774302293,0.0,33.0,6.0
146,1.0,2.1876000780803224,-0.7169300295483414,-0.5752438677358713,0.15058020341662026,0.0,1.0,2.0
147,0.0,-0.07289476693422314,0.005292730514272759,-1.0664135400142616,-0.34440313717912674,1.0,1.0,8.0
148,1.0,0.7306022266783943,-0.8529153128966327,0.26317917074690744,-1.4929519345534397,0.0,25.0,8.0
149,1.0,-0.7450570368222129,-0.6009519506642501,-0.17529328580413253,1.8951661717355108,1.0,16.0,8.0
150,1.0,0.8162432758248835,-0.3028365397705387,0.23758691757165656,-0.44541679482121166,0.0,3.0,10.0
151,0.0,-1.6460146892097374,-0.5855191397462223,0.08112981526908057,0.9833508006204924,0.0,0.0,5.0
152,0.0,-0.25023913790872143,-0.4387867130880656,0.6472370590768796,-0.09081784050118247,0.0,2.0,9.0
153,1.0,-0.2836084625125086,-0.18744770826444807,-0.0069577266467065624,0.3735025740750515,1.0,7.0,9.0
154,0.0,-0.7687420518788584,-0.6027398096328803,-0.2545909012342724,0.21385392598969327,1.0,3.0,10.0
155,0.0,0.23623930551580463,-0.9941502554105281,0.8020214435164017,0.9199563759022356,1.0,7.0,10.0
156,0.0,0.6789997334657821,-1.7309732888733351,-0.045674086930296606,0.020763838034356552,0.0,2.0,0.0
157,1.0,0.973255408508702,-0.3448489598409378,-1.6918185774642045,0.54081568580967,0.0,3.0,5.0
158,1.0,1.1571750520632147,-0.49967644713813153,0.022996307509866733,2.799175515240899,0.0,13.0,10.0
159,1.0,0.7537078233314658,0.5553127465435941,-0.4129423384168727,0.6294008686837275,1.0,10.0,10.0
160,0.0,0.7426761641954023,-0.16444227668396277,0.6747672130246312,1.3995548659376706,0.0,16.0,10.0
161,0.0,0.09320215147214839,0.6326415711054605,0.15697200765664707,0.7224312653031904,0.0,1.0,10.0
162,1.0,0.9380933592725198,0.17248471446413866,0.31309558047420527,0.8201913400311385,0.0,5.0,10.0
163,1.0,1.1519187730047535,-0.5275337748741331,-0.2433986560152134,0.6595738773887534,0.0,2.0,9.0
164,0.0,-1.019774762611287,-1.0267813833626869,-0.05791424804078375,0.5945653294268382,0.0,13.0,6.0
165,1.0,0.11076625587698824,0.7255170688118162,-0.6184661302433884,-1.8703951102545253,1.0,0.0,4.0
166,0.0,-0.39824924424091745,-0.9495741017684065,0.2316721328442542,0.3024075821352693,0.0,8.0,6.0
167,1.0,-0.8592857916229164,-1.5088200206449947,-0.11759466190284225,-0.22496107465745707,0.0,20.0,10.0
168,1.0,1.6840843016818534,0.4721277640207578,0.8965877727564486,0.8953288509998887,1.0,18.0,10.0
169,0.0,-0.1603014659057198,-1.700316222985429,-0.010429545431952549,-0.09227961479464741,0.0,14.0,6.0
170,1.0,-0.21758360216485007,-0.5864818325520513,1.0121346696541726,0.8236146479987317,1.0,8.923736222440573,8.967617071535043
171,1.0,0.14837368328336548,0.5341891224840469,0.8875772403162515,3.6375045134363457,0.0,10.472667962160994,10.767900727236903
172,1.0,-1.0899860204925673,-1.5743996853552709,0.9266728357523246,1.6717572051086882,0.0,8.400326486992874,8.793435717072258
173,0.0,-0.7290777750279365,0.07783480200939674,0.006347618874043597,1.4645326972298687,1.0,9.116173756009482,9.094573344371062
174,1.0,-0.18411963057880798,1.0988619309101322,1.1814984417305472,1.452565164970819,1.0,9.92707815753576,10.150888676998557
175,0.0,1.4344199816972165,-0.04679342082676019,-1.2130733106622733,0.12482887014971522,1.0,8.772702471810337,7.909870717212336
176,1.0,1.042803427362335,-0.33865892166579414,-0.2683970954553217,0.43370000085777916,0.0,8.64057697611133,8.322986816611744
177,0.0,1.5772761399665771,-0.1034431661585988,0.5039860441257352,0.4452654891446384,0.0,8.956488029533576,8.409316137412798
178,0.0,2.9110243898607067,0.0994026661588166,-0.2962069977595202,-0.22584752365205307,1.0,9.210749339338442,8.020390435629457
179,0.0,-0.2265336781827607,-1.4682167376026294,-3.22459066639304,-1.6356266230113068,1.0,6.590819168310733,5.7795984830813
180,1.0,0.8927970554418776,0.38099146122011357,-1.2462973517200289,-0.5306417003821918,0.0,7.0,8.0
181,0.0,1.1129046937126756,-0.31667084137862833,0.7096203819092702,0.7532431914381541,1.0,11.0,10.0
182,0.0,2.0277940466957096,0.17461415682655973,-0.6082509272809684,1.0150882656405975,0.0,9.0,10.0
183,1.0,0.9372263872506976,0.16821801498159733,0.16357508273967292,1.417918694199986,1.0,9.0,10.0
184,1.0,-0.44944547782235,-0.22986818095836342,-1.6307388522059791,-0.6610997276359035,0.0,27.0,7.0
185,0.0,1.223117449443135,-0.9679418468137049,-0.8689399042140341,-0.08362033111400125,0.0,5.0,10.0
186,0.0,-0.5197141379586103,-1.0509528652394764,0.6751893266920086,1.159334466102047,0.0,8.0,10.0
187,1.0,0.7562455991138484,0.1562624651754076,-0.3765176075429699,-0.05361691359703458,1.0,0.0,10.0
188,0.0,0.26650414094717784,-0.8005714358446692,0.14182879001642762,2.235156356987318,0.0,2.0,10.0
189,1.0,1.7646983268636898,-0.13207786906875135,-1.5832204618968015,0.33973475978051204,0.0,2.0,8.0
190,0.0,-0.3669227470502827,-1.034560207769907,1.0699972794881787,0.8445842798595242,1.0,8.668412468760874,8.542349809704486
191,0.0,0.4622204593394915,-0.8114073081765889,0.1233324065811783,2.014207277363491,1.0,9.349624958101247,8.945567570396623
192,1.0,-0.7989988440018938,-0.7887065441601568,0.2211927796150779,0.6040018992230788,0.0,8.157014351250105,8.401408359744014
193,1.0,2.1679745852078467,1.014873851750752,-0.29817487630945155,-0.4829995881114767,1.0,9.320901929368066,8.59485600786298
194,1.0,-0.24459047535939715,-1.2003473540755725,-1.4093165247829476,-0.58338356637352,1.0,7.574533197656623,7.23158225994809
195,0.0,-0.22705714519768783,-0.94230586593146,0.23352632627135297,-0.1928502406176965,0.0,7.810902145987735,7.657722151873726
196,1.0,-0.14249890166186419,-0.049138866874973985,0.08975121701650893,1.4073562704110465,0.0,8.973336468379344,9.110441848435817
197,0.0,0.17205504249476472,-1.1578441078762092,-2.122226844180659,-0.9658988856357974,1.0,7.330359755192882,6.586840531474102
198,0.0,1.4586843973341859,0.1605119687473815,0.6162651900854706,0.5976017141375227,0.0,9.122588019353211,8.651941857509897
199,1.0,0.2078403976440894,-0.04406405086940657,-0.7603257675973738,2.4873925325685944,0.0,9.420241044951187,9.407316656603388
200,0.0,0.434110981602629,-0.9265801159327476,0.3280321202168079,0.7503725522937653,0.0,1.0,10.0
201,0.0,0.404387549956177,-0.36175745989315905,-0.026485864759069607,0.1036023271025997,0.0,4.0,10.0
202,0.0,-0.6522439209085715,-0.11699026061762494,-0.7991049517191309,-1.3828705254460942,1.0,11.0,10.0
203,1.0,0.8744480995029704,-1.1238106955173341,-0.10686097376066817,0.7138050343068683,0.0,9.0,10.0
204,1.0,1.133645482761883,-0.38305940497902746,-0.12754313194291575,0.8536401956928803,1.0,7.0,10.0
205,0.0,1.1783370601705665,1.7348099951520581,-0.06493958480671093,1.4630848289598,0.0,22.0,6.0
206,1.0,0.4981770524516883,0.25023201955205304,0.27594565213178374,0.6090243478231533,0.0,11.0,10.0
207,1.0,0.7664010958819472,-0.32364183380061007,0.10149997238148895,-0.2723694844607988,1.0,9.0,9.0
208,1.0,-0.8114637804325002,-0.8007435546493149,-0.015560633225475793,1.133648309781139,0.0,3.0,9.0
209,0.0,-0.5908218176795921,-2.478472292820654,-1.2251415000952333,-0.4556447951192807,0.0,18.0,3.0
210,0.0,0.2432639181281122,1.1644972612560207,1.5027194617027353,1.4572549130711545,0.0,15.0,10.0
211,0.0,1.2625270426203932,-1.1781404977658048,-1.432500381675994,-0.7703477305912386,0.0,21.0,8.0
212,1.0,0.26459352937469793,-0.417954811764661,-0.12204091423513626,0.8026489282442757,1.0,8.900060480245067,8.686277136085673
213,1.0,0.381450288498989,0.907914267549546,0.5119640412869602,0.8481986548804825,0.0,9.30061450391111,9.388761197311002
214,0.0,-0.9877537703836095,-0.3966415150090653,-0.5229063807649058,-0.2833610608126157,0.0,7.652618999274557,7.675170655456525
215,1.0,0.2133077251279626,0.03125108838508528,-1.3977756464609028,-1.2078620685542059,0.0,7.597844107534284,7.347439836394907
216,0.0,-0.8704670104892527,-0.804474014062418,0.8550191153000123,1.3868609145442645,0.0,8.555514485780325,8.744738881269084
217,1.0,0.770356520809842,1.4253310805239205,0.003472663759460556,0.3576076813420157,0.0,9.28320700174171,9.22070473105812
218,1.0,-1.0627638976011768,-1.2872540302716884,0.04575112735838134,-0.055583951382327856,0.0,7.549521287222485,7.778445010972027
219,0.0,0.7590462495816848,0.7078010913935757,-1.9649588820957573,-0.5720278465515386,0.0,8.143705522308284,7.571699650240869
220,0.0,0.41243908950702524,-0.5711888776172548,0.13227587120831313,1.344634671230582,0.0,8.827622995692586,8.578190833896361
221,0.0,0.22360299703050784,-0.6831650512062719,0.9441967032817348,1.423501282619276,0.0,8.91825267466654,8.811456296207862
222,1.0,0.026449306172183884,-0.8499277064017474,-0.7693256476513747,0.8006372538392913,0.0,8.258804951689376,8.152921458173829
223,1.0,0.6579044201717912,-0.4975891027537563,0.02633376819881936,1.1382222530503934,1.0,9.154273271003639,8.851854180220638
224,1.0,0.27921896601904195,-1.6027115045413962,0.11813410792830621,1.425046611731628,0.0,8.479208257008647,8.367392006155264
225,1.0,0.8983697937632447,-0.2884157492549165,2.045772508134912,3.6158667768088657,0.0,10.538103427233981,10.67862974034457
226,1.0,1.1207103515905297,-0.7778165835190272,-0.5378791670425357,0.2238062357140917,1.0,8.630126202905169,8.062857836816486
227,0.0,0.16118551754197585,1.045888819178713,-0.2538206411937883,0.315515763848748,1.0,9.141359081130052,8.859661908189626
228,0.0,0.8079951320799155,-0.7737251684724062,-0.38987216486346465,0.252684248974231,0.0,8.241046197508446,7.7495756854602735
229,0.0,1.2948682653527495,0.8386983119450211,-0.2002675139824344,1.587599223488974,1.0,9.958895016364764,9.394420163173558
230,0.0,0.22199414075208057,-1.5817194215095602,-0.6165822245661403,-0.8690231687818143,0.0,7.201317163044599,6.735099138219514
231,1.0,-0.41024711688570736,-0.5328550168541276,-0.770825426551407,-0.5328818291414416,0.0,7.644533702462002,7.631160721669349
232,1.0,0.3249323494380722,-0.3817985753927924,-0.8232370714008789,-1.7673708804316801,0.0,7.303161451882703,7.026256339611823
233,1.0,0.49444878384575686,0.35071229881899574,0.7707249244762835,1.604985326437533,0.0,9.511493571143268,9.584396121021593
234,1.0,0.03874130834053585,-0.3516687369381954,0.4871984178036274,0.7018522217582168,0.0,8.639734588882027,8.712303550052503
235,0.0,0.7617818646919805,-0.731511707722547,0.9056650147981827,1.7052030224827797,1.0,9.454075299848522,9.045608231187058
236,0.0,0.36834495576861215,0.2325037920171264,0.009234866600184922,0.6793757964466581,1.0,9.090767805742193,8.72749487952452
237,0.0,-1.3886775543900853,-2.1463774684426125,0.02281796930550846,0.45502738449400026,0.0,7.301620024134602,7.390513051795317
238,1.0,-1.4264566329936899,-2.015326858770517,-0.4235494065321668,0.6196530527934334,0.0,7.400363514806089,7.650738094573603
239,0.0,0.13199287298095785,0.00772708281063178,0.44062705501574223,0.5729462220180229,0.0,8.677598123604032,8.558564463292921
240,1.0,0.13733298184566434,-0.6252123304242387,1.144144160074949,1.0714460021227799,0.0,6.0,10.0
241,1.0,0.5852500021543948,-0.14917453443820977,0.5146450441250566,1.0830599159242875,0.0,6.0,9.0
242,1.0,2.5156079898286055,0.8817284862495731,0.6459298830114921,0.04011238769559056,1.0,23.0,10.0
243,1.0,-2.6357172290020277,-1.983030994365373,0.7056873242202161,0.6409218104719461,0.0,9.0,8.0
244,0.0,1.751371183936271,1.666911975919026,0.11349996186880165,0.44243358203105615,0.0,10.0,10.0
245,0.0,0.5634292954290341,0.847919361285967,-0.12008466063520484,0.5447173392839217,0.0,4.0,10.0
246,0.0,1.7204522700672116,-0.1577676915725464,-0.1579070545593113,0.1430539946279693,0.0,6.0,10.0
247,0.0,0.4905588068233611,-1.1804894589452208,-1.066028045774977,0.0004208019600773216,0.0,11.0,10.0
248,0.0,-0.5714130828438366,-2.124350200459848,0.33835200325218284,0.6402075297215295,1.0,1.0,9.0
249,1.0,0.3945917346208021,-2.0915687552987037,0.4728803951307434,0.5685557029319047,1.0,8.0,3.0
250,1.0,0.3538678795056625,-1.3187880492838397,-0.05097065782692802,1.209197420533905,1.0,8.0,10.0
251,0.0,0.27004682319936,-0.8487878362626169,1.4320188463823351,3.504226762098858,0.0,17.0,10.0
252,1.0,-0.3364283968387408,-1.0105917696078646,-0.247597995089217,0.5162019917490955,0.0,3.0,10.0
253,0.0,0.4564864056175649,-0.34299209756791166,-1.0284204374789838,-0.4151718171565483,0.0,0.0,5.0
254,1.0,0.6709787239297584,-0.7490297732919411,-0.03414120625465132,1.3051934567008896,0.0,16.0,10.0
255,1.0,0.24724527022927195,-0.2442904889181241,0.686177882145713,0.9562563715798107,1.0,7.0,10.0
256,0.0,0.7347177547845293,-0.6600586377312609,0.7474670411047675,2.2980073309220526,0.0,25.0,9.0
257,1.0,1.4468308948037154,-0.12479661233213082,-0.4852329390796855,-0.4591964307712785,1.0,0.0,10.0
258,0.0,0.5813472786516551,0.19325258642025794,-1.8512900056638573,0.41401307381363334,1.0,6.0,10.0
259,0.0,-0.1118743379720949,-1.0885528481528308,0.7127368514727925,2.5968474156081283,1.0,13.0,6.0
260,0.0,1.293456161876195,0.394961856128948,2.309893348845132,1.2602574303203133,0.0,9.790394690790976,9.612811290513614
261,1.0,0.5578695587724175,0.02898319643714148,0.07892036606202665,0.18624579618540799,0.0,8.607890615868584,8.490866757645314
262,1.0,0.6613879347176328,0.1473126608998936,1.9436363791432854,1.8184608806596678,1.0,10.076832607124533,10.07942549994687
263,0.0,2.535013893187277,1.9761235636163008,0.4157414886801644,0.6991576261748416,0.0,10.130850553849331,9.481115824719552
264,1.0,-1.5027525102940213,-0.48641496087936775,0.04965430543614228,0.7321986089790105,1.0,8.416317841848812,8.727275864026453
265,0.0,-0.0262343605066655,0.47679616772275996,0.32394095928223277,1.524707762948378,1.0,9.540691374661536,9.387518533429425
266,0.0,0.9919146465894113,0.6200781653335756,-0.06854578788453744,0.10850814424270222,1.0,9.12214551384978,8.575032967343418
267,0.0,0.9552753226893278,-0.05176035655369615,-0.1331188308728249,0.20704859603394837,1.0,8.881049961429712,8.285278277413756
268,1.0,-0.7579778863694315,-1.3107825382452891,-1.1230307836670401,-1.2736364686081205,0.0,6.8345942417321774,6.782656029950218
269,1.0,-0.21770240524740303,-0.23077579561758915,-0.3447546661584612,0.019692052078926325,1.0,8.441698985742867,8.322454415745174
270,0.0,1.2037684095701533,0.3058950583776255,0.05953015112104439,0.48816606615662594,0.0,14.0,10.0
271,0.0,-0.021815899385740023,-1.4835745308627417,1.4781757370860495,0.6325104522068611,0.0,3.0,10.0
272,0.0,1.283803842456579,0.8674914087885788,-0.6055962939964081,-0.1959042165260001,1.0,10.0,10.0
273,1.0,1.306129765126395,-1.6999852420500865,0.23553997116312353,0.5253468822309342,0.0,2.0,10.0
274,1.0,0.06632190787208297,-0.33079451991800407,-0.5537528848345826,0.4204254275042151,1.0,0.0,7.0
275,1.0,0.9278508779876313,0.9163315692045619,-0.10635392893325424,0.455383114166666,0.0,11.0,10.0
276,1.0,-0.4340288474492835,-1.8682689414285305,-0.8847205590753491,0.27176788884457015,1.0,10.0,8.0
277,1.0,0.6892892285104966,-0.10948654328922486,0.07256027081652137,0.5443703380455583,0.0,6.0,10.0
278,0.0,1.0735865026631466,0.87094224305609,0.2852716783779568,0.42243983720740685,0.0,13.0,10.0
279,0.0,0.8194515140471904,-0.2567454766757078,-0.8553516258951116,-0.9161499787788864,0.0,4.0,9.0
280,0.0,0.5185839473231285,-0.4826819778555945,-0.016241348449115896,0.6078135468121323,1.0,8.807553069351203,8.33437449541062
281,1.0,0.02501634917947748,-0.12600219056360618,-0.39621809780044875,0.34719942902779,1.0,8.690463354617517,8.518462315452147
282,1.0,1.5485585113991678,0.23591335306047273,0.044633822304337836,-0.007697288456588902,0.0,8.847230526910526,8.44667992621748
283,0.0,-0.8456813683798783,-1.3454216154775935,-0.18736747657951205,0.4973616443136551,0.0,7.740822849152966,7.7167535912733545
284,1.0,-0.026447454177866647,-0.4271936554300391,-0.35991551119458187,0.5279926798611463,0.0,8.358399044156952,8.338073712522805
285,1.0,-0.27764345426132764,-0.9572021325887536,1.290324540072666,3.173858715749747,1.0,9.917307527373017,10.086938587253037
286,0.0,-0.3186846234811572,0.22537692325964015,0.09447743975522362,1.2951219153613547,1.0,9.21638603753441,9.09024070133711
287,1.0,0.3006822163770423,0.060726998915777486,-1.4031860506913438,0.025592666223033023,0.0,8.21137816227846,7.993756870954037
288,0.0,1.4635518707638089,-0.11864332593396279,-1.2778180058756305,0.10654992955334924,0.0,8.44040147329058,7.704322251420254
289,0.0,2.0676250380943175,1.2568788435593976,-0.5748355161494499,0.703830152009626,0.0,9.548979702877773,8.860919957653515
290,1.0,0.9207464243720966,-0.5550030752620311,1.7274272555175538,1.164923605509447,0.0,9.227520227389405,9.1905501955848
291,0.0,0.5923458374070424,-0.6838318664368768,-0.3421359847582079,0.8300997742531471,1.0,8.79255641042884,8.253665593695702
292,0.0,-0.919120362972595,-1.7996184358783966,-0.37537594366191723,0.27392651701103504,1.0,7.693821403402151,7.47158764387083
293,1.0,-0.1739207782485348,-1.5784824848741814,-0.08004845813571294,0.8943721963723217,1.0,8.377881667371396,8.2032556384941
294,1.0,0.4288730861766137,1.9922568290228753,-0.5473275679725514,-0.3985351090420992,1.0,9.256073642034876,9.092919420595466
295,0.0,-0.9784386496441921,0.32436517143042504,-0.5341914972039822,-0.07360580536916861,0.0,8.037556413461614,8.126183316621587
296,1.0,-0.16404821234120326,-0.39236332882028413,1.2953340445229473,4.7152174881811355,1.0,10.896612411769905,11.151590648434455
297,1.0,-0.45705485892557296,-1.5670372164905921,1.0072875121556002,1.5281965718327013,0.0,8.512982900270922,8.725387246362516
298,0.0,0.16304999585367497,-0.9868341292240532,-0.32529971757087833,-0.20048563106534345,0.0,7.789143476658506,7.454072322407737
299,0.0,-1.0972663990992317,-0.8049574273198941,0.31434231093541415,1.0416215910134512,1.0,8.52804802133915,8.555592413694056
300,0.0,0.44829928632858584,-0.2042327211971535,0.08428903733438402,0.584754790070254,1.0,8.907175752841793,8.488327180229906
301,1.0,-0.5336041315332178,0.6870303718966866,-2.090945664208468,-0.5489762777615271,1.0,13.0,10.0
302,0.0,0.1598320691684047,-0.378719250401225,0.2541554240846334,0.5952006527220335,0.0,1.0,9.0
303,1.0,-1.8660370398810544,-1.5278406333758743,-0.1793021989227093,0.6756917182128992,1.0,22.0,8.0
304,0.0,-0.5954523407735546,-0.8771063034370579,0.09861185746968242,0.492912713928874,0.0,0.0,5.0
305,1.0,1.9958855078477122,0.11717110942375869,0.41085619851811706,1.056816706299405,0.0,9.48210267404922,9.03231493294895
306,1.0,1.4050130593742454,-0.33782517938819306,0.25689862040037115,0.3408589476560686,1.0,9.076144987764781,8.560015679272741
307,0.0,0.5320054495898182,-0.9555893940146667,-0.31627188963858044,1.6689554426672553,0.0,4.0,9.0
308,1.0,-0.20437736623433755,-1.2771151683826536,-3.5302282819196473,-1.7976247358726263,0.0,38.0,1.0
309,0.0,-1.0756089539074865,-0.7297948265477221,-0.05435469117467536,-0.9440850540250051,0.0,7.271581430401441,7.315512711372086
310,0.0,0.551835894196624,0.8864514050853887,0.9776740829999068,2.180449558973318,0.0,9.98720935562608,9.955110337690666
311,0.0,0.471500125107865,-0.6494325575863664,0.9140110380018475,0.5471494631806787,0.0,8.577587111040582,8.358029292238532
312,0.0,-0.6422483993512624,-1.930181222844856,-0.4193008578254344,0.33774950716444196,0.0,7.444325856669612,7.278025435930807
313,1.0,1.36503967658811,0.24731770269192127,-0.6478893640224707,0.9819622519571363,0.0,9.145278048106462,8.764488982089041
314,0.0,2.06633471243653,1.8148272322164176,0.5003587089771179,0.9851654698871255,0.0,10.096223024964209,9.59205109147806
315,1.0,1.07669908903438,0.6364780750009718,-0.006161578330794873,0.6726957079704305,0.0,9.195702348675477,8.991204883816959
316,1.0,0.33134574900390384,0.44278672137100245,0.37535044415322033,1.4377596599050748,0.0,9.356054568491702,9.43093430432351
317,1.0,0.7750357974329644,1.1650901601261128,-0.8921711865130411,-0.16283722121965327,1.0,9.065788012563116,8.703608083185006
318,1.0,0.5112109052661944,-0.7111715794843931,0.1473729096068736,0.20041390348069366,1.0,8.612452709661572,8.305873342128463
319,0.0,-0.008943346234711158,-0.2756148158013853,-0.7739898535707216,-0.9119356093832637,0.0,7.611231863473586,7.301678853382192
320,0.0,-0.9278633569635879,-0.5758040531792005,-0.41583380923575125,-0.47192750472256784,0.0,7.527572185596759,7.521393550033057
321,0.0,-0.8049542905431237,-1.2264245989479894,0.028874347716696395,-1.141231767030459,0.0,7.066509635641943,6.9906439837525705
322,1.0,1.1449738287856983,0.36997992486922565,-0.2551463157143269,0.06811517834404557,0.0,8.778206962443035,8.475199058847913
323,0.0,-0.9322273718103249,-0.3305791879976897,-0.16041549670222888,-0.5494512064451741,1.0,7.924308562434705,7.816309827902778
324,1.0,0.963962305143991,0.08610598632488875,-0.04737249934813612,-0.0674750286916852,0.0,8.59279294567228,8.336338712523359
325,0.0,-0.7003406655616196,-1.0496050704903381,0.04200408922056582,0.4017293514674527,0.0,7.891870906952927,7.87241227943057
326,1.0,0.17476279888959223,-1.4882825503672075,-0.3410995577106005,-0.6780060764161965,0.0,7.425359753044406,7.204564603247214
327,1.0,2.391475822656559,1.1808281284963136,1.0324584383777093,1.0682478581311647,0.0,10.123086732670679,9.71964013850624
328,0.0,1.0792675204854918,-0.6447285109748649,0.08244268773327858,0.8213583741294372,1.0,9.005743461625434,8.3770458082552
329,1.0,-0.31111063344143897,0.12003358369541323,0.9908799899774944,0.9117278805818505,1.0,9.21745193061146,9.349393018404355
330,0.0,-0.7564845904688493,0.13749495869051886,0.5036280297296716,0.3427785130287938,0.0,8.403673411773216,8.550633439512238
331,0.0,0.730632890874439,1.8882435844773207,-0.998378563088278,0.010021400548979598,0.0,9.052694614089589,8.725925321542478
332,0.0,0.6934333272116253,-0.3832556257451138,-0.15356848134162973,-1.929372512666725,0.0,1.0,3.0
333,1.0,1.6012478359201756,0.734351706313271,0.7475401263776265,1.3657916530631025,1.0,10.122488149897446,9.742595103357822
334,0.0,-2.070618719002658,-1.4735649700068691,-1.5631717697860854,-0.15430035075167703,0.0,6.820234707780846,6.953380259704014
335,0.0,-1.1023786883893225,-1.5889034805337385,0.4790771224340099,0.1714096317151403,0.0,7.545143394282294,7.637161128560146
336,1.0,1.5350178984126894,0.4404279026612616,1.374885594800244,2.8165068429762767,0.0,32.0,7.0
337,1.0,0.29165097922219646,0.008249909168514369,0.2072718179627098,0.4764220511697634,1.0,8.98192751927885,8.81907043505742
338,1.0,0.6372219706087423,-0.09530108618109026,-0.3201067323608879,0.1780904933537819,0.0,8.503189984905816,8.30632900233659
339,1.0,0.5193120680315625,-0.24398699932579151,-0.020293068696349628,0.3289522944628731,0.0,8.538988074696656,8.405361116472239
340,1.0,-1.0084344672162886,-1.3015372048421543,-1.2197897231320616,-0.98389869826543,0.0,6.89273158140239,6.916489185079263
341,1.0,0.4110578874500671,0.802755179253509,1.5232588029733163,1.300424530914054,1.0,9.952774278301796,10.011080046594389
342,0.0,-0.18634339884868423,-1.5613095438656504,0.1251792868519785,0.5870557821411849,1.0,8.214361203999951,7.870997488574591
343,0.0,1.106257686742243,-0.19221115442427683,-0.27070094712827364,0.1982195897837868,0.0,8.544184613340331,8.026017997776403
344,0.0,2.9152961819883894,0.1881498701603243,-0.31073031064305967,0.3602525878777716,0.0,9.229162984955725,8.219652844442576
345,1.0,1.155402441002634,-0.49437631108899566,-0.8486022195338675,-1.1669901911002918,1.0,8.040988535809449,7.388100015169174
346,0.0,1.88193238018615,-0.21752092435059842,-0.3617545763611901,0.7095741326639317,1.0,9.248786508877956,8.366261009072874
347,1.0,-0.8027526845708248,-2.433274337331684,0.24240787362528746,0.6013206961739439,0.0,7.506529155166376,7.616332901022859
348,1.0,1.009207053218617,-1.0829596883007844,-0.012360544873478246,1.0673870861251356,1.0,8.97218689882428,8.510798794308382
349,0.0,1.6344015726341883,-1.2172259807867376,-0.6313991161337467,0.16208249075801506,1.0,8.48250121815687,7.5320000322597505
350,0.0,-0.692348530820575,-1.9293059093496503,0.2385926237149,0.12802341274249024,0.0,7.451800163667473,7.366339168155864
351,0.0,-0.5261066221857706,-1.1727331813615474,-0.04129504348689247,-1.2551712205804324,0.0,7.093227802853399,6.92749468872638
352,1.0,0.5745347002387936,-0.20529224221588296,-0.1532546357970176,0.2567545538372176,0.0,8.51057281096158,8.345522223279982
353,1.0,1.0239248310579985,-1.8337721568251326,0.1147160094674918,0.3590693394482909,1.0,8.367919889849347,7.821531056441956
354,0.0,-0.6401026404507666,-0.6004661734790155,0.5964409938602352,1.4841916462231173,0.0,8.694783621440287,8.808801797878845
355,1.0,1.5286471353381677,0.6040866556034779,0.31146837766025043,2.157066873057344,1.0,10.345805022233684,9.962008224818694
356,0.0,0.20812574086241337,-0.14977370604225926,1.2524642658685738,1.1774003286993275,1.0,9.356608673192117,9.173792299269278
357,1.0,1.019079802826684,1.2894046591636708,0.49990017936517506,0.24564048362729374,0.0,9.330139861957852,9.23596974660338
358,0.0,-1.3274079016159333,-1.4690308749336127,-0.13194295919974428,0.775211749044111,0.0,7.708678945078269,7.833393951768399
359,1.0,0.9773221380406167,-1.1794435134139731,0.47986830043697626,0.28808391115902865,1.0,8.6478605491628,8.208747242795006
360,1.0,1.3249804370517455,-0.8776552210103716,-0.48081619349820165,-0.22649839151896922,0.0,4.0,10.0
361,1.0,0.4125927982375466,-0.279239794741051,0.46523099547258967,0.6915390004003044,1.0,2.0,10.0
362,1.0,0.30348167853369146,-0.7818136877663167,0.2670326742990822,-0.4064336241819593,0.0,4.0,7.0
363,0.0,-0.33287899987359104,-0.28901639415378483,0.22760511624136712,1.5620127863063389,1.0,3.0,9.0
364,0.0,1.054391708504239,-1.1310174396512183,-0.8248205426370393,-1.040168772736544,0.0,5.0,10.0
365,0.0,0.4198545373290964,-1.512796989031247,-0.4155830490420216,0.15958293962120035,0.0,10.0,10.0
366,1.0,1.2063304113333246,1.1753986700984616,-0.6557577871720599,-0.04705267749755304,0.0,1.0,10.0
367,0.0,0.799594162946712,0.512369469705259,-1.1348718043241932,0.19205265990039827,0.0,2.0,6.0
368,0.0,0.16483661551498036,0.10608535156337529,-0.030029259819810545,0.3850145494124185,0.0,0.0,8.0
369,1.0,0.969838007297798,-0.8669585088762941,1.1379311464205257,0.4687271934650451,0.0,2.0,9.0
370,1.0,-0.2514077142614535,-1.6227823797369147,-1.5031111992176396,0.08577666216235547,0.0,7.412187133064618,7.205077345872399
371,0.0,-0.08266735297982075,-0.36374653494950415,0.8951529777837393,0.7910851063110216,1.0,8.95076951441352,8.775756477913085
372,1.0,-0.5176476324907562,-0.3704973932361006,-1.2337056204543912,-0.8984421505597563,0.0,7.425787481348999,7.387256974576819
373,0.0,1.2795341947424643,-0.27700302121860054,0.07406242671638968,-0.13262735793624014,1.0,8.752668280589695,8.052052011091677
374,1.0,0.430042611307104,1.332787173933453,0.00793783384834691,0.36751209198221046,0.0,9.16447581378301,9.194134651481276
375,1.0,0.8396835662708372,0.05237138915455075,1.5482697675132668,1.7457397168129103,0.0,9.68846705005059,9.731931146957045
376,0.0,1.4392749141763448,-0.4910466870015482,-0.1252924284854627,0.42533866871653203,1.0,8.935436544459503,8.172932021405853
377,0.0,0.767316550552902,-0.5328237312258836,-2.097130082057263,-0.554778127077966,1.0,7.9292064474583,7.086708250947823
378,0.0,-1.5977014048824745,-0.5090560989339263,-2.122255920579194,0.10167520074688041,0.0,7.343846483199604,7.3677044075518525
379,1.0,0.7499326390321489,-0.035853389276676195,-0.1990620730692171,0.6659306070459958,1.0,9.098135903991704,8.760167948920227
380,0.0,0.42948056134027085,-0.9889662393129042,-0.14661239647329802,-0.20663522538391954,1.0,8.177167737682582,7.635197263167887
381,1.0,-0.17726322347047707,-1.3915608943876303,0.2135085749352966,0.9173532626654193,1.0,8.514910703567619,8.391803997256273
382,1.0,-1.1126337066073198,-1.2133709429367936,-0.3898711734865783,2.0016442771635656,0.0,8.455357997086448,8.748775601529678
383,1.0,2.5892451487627257,0.20355480545765187,0.08596290492682214,0.6690951765734701,0.0,9.427879939922423,8.757665964449009
384,0.0,-0.24379523246845713,-0.6193925481999372,0.9881896208119373,1.9344695089209423,1.0,9.362735775281774,9.276067205645356
385,1.0,0.34539830349128053,0.2882526104902347,1.0965509937738236,1.3568821161809583,0.0,9.390448682925765,9.527648925597745
386,1.0,0.1856420384875268,-0.16418783427012168,0.3016437903913247,0.6199902488970075,0.0,8.67985161267666,8.700323932343048
387,0.0,-0.941342577373045,-1.024988623152018,-0.3081399283611971,-1.7579667804758676,0.0,6.760330896545774,6.674040836264591
388,0.0,0.0610094038864879,-0.4171644550448974,-2.1142090622070695,0.24281223710833988,0.0,7.874632944371291,7.431237531298911
389,0.0,-2.9760211347876204,-3.4445844411940287,1.0800160301716277,1.4184442907707573,0.0,7.022752789163693,7.630067756973998
390,1.0,2.49477566040879,2.1173692046255947,3.7411393337459615,3.439917935911429,0.0,38.0,10.0
391,0.0,-0.47884719045160906,-1.0326210741250121,3.0807945147750133,2.880788036178339,0.0,23.0,10.0
392,0.0,0.141073151614592,0.29883437048275047,0.0023568371519207586,0.7736168961627636,0.0,1.0,9.0
393,0.0,-0.2165201812606924,-1.5284961316884216,-0.36299113840391456,-0.4137120008545573,0.0,7.369648006835169,7.0854182672090396
394,0.0,1.4709550031042191,0.052332048745560855,0.15649864589646678,1.0849066155959544,0.0,9.229187449370258,8.715197377835917
395,1.0,-0.48432381681592496,-0.37137960799949393,0.2129676462434942,0.4781355536141628,0.0,8.342692630306654,8.52390520265278
396,0.0,0.9763362066976734,-1.0914673520113196,0.19805166540094604,0.6093564109696836,0.0,8.432226891803179,7.949150634641282
397,1.0,1.1952800905734213,-0.8235413752847016,-1.6437958733406515,0.2366840187694303,0.0,0.0,9.0
398,1.0,-0.3065941346812675,-0.030546158857535755,0.7625319365529156,2.572332076064265,0.0,8.0,10.0
399,1.0,1.0734451911502036,-0.7029496152689454,0.3865806280884049,0.6966737671211728,0.0,8.745905766157998,8.476288963364922
400,0.0,1.5587630371639123,-0.6879122564370703,-0.9483857526168901,-2.1463226523097663,0.0,21.0,5.0
401,1.0,0.2500467283202357,0.8250493887444792,-0.0981332529591837,0.01672519121252669,0.0,8.73268651162635,8.74383972500832
402,1.0,-0.843072778806562,-1.4471933375354669,-0.43334462392245526,0.6851838343224133,1.0,8.095722201180461,8.076448351021641
403,1.0,0.011550772058877168,-0.30675181733306456,0.011357425389037614,1.3776867448256214,1.0,9.173719187890695,9.084480828833062
404,1.0,0.1029700103131711,-0.9745235387445221,-1.352669091519238,-0.11742022029862276,0.0,7.691879936073165,7.444165310578086
405,1.0,1.0401934313430605,0.18495018328238738,-0.8532288219704344,-0.7741432893703059,0.0,8.173708163354684,7.7782831541593564
406,0.0,0.17080301038443513,0.297272327244586,0.34177064277534663,1.4087295297970672,1.0,9.0,10.0
407,0.0,0.20562413343226005,-0.5315892534330289,0.8109356473278276,0.8147659363065564,0.0,8.663271946652667,8.531268733857873
408,0.0,0.417071388303382,-1.4405185582170832,-1.3042849984209068,-0.007499335959008535,0.0,7.588755868282316,7.037801278990657
409,0.0,-0.3666276829056184,-0.5723510864321345,0.7830031140901023,2.0655217105529986,0.0,0.0,4.0
410,1.0,-0.7538862184655339,0.1610860532491516,1.5957895483390026,1.50809905281616,1.0,9.509611859029889,9.870667526583283
411,1.0,2.46251389266018,1.10416185241486,0.3793072530547998,0.13342856876844156,1.0,9.844297623061708,9.146284651580075
412,0.0,-0.26641431057059783,0.16324360493191387,1.4516325709223903,1.8916843775192889,1.0,9.730719082803624,9.767728012705533
413,1.0,-0.09457573734790337,-0.6587597686129807,-0.6230250894179797,0.13381472241406206,1.0,8.307152711548182,8.089351258226445
414,0.0,0.8654705665941848,-0.8981133942349353,-0.05672044333770912,0.7303648238527933,0.0,8.491361002987889,8.032930980807068
415,0.0,0.5371132188326702,-0.9167782436929561,0.7951009872654988,1.528264966726764,1.0,9.219649963137574,8.840151065612506
416,1.0,-0.6510913477054867,-0.6079172903620493,0.14930722230919716,1.4264239611597718,0.0,8.640721087733944,8.88656161284854
417,0.0,-0.8475732812203958,-2.0287788644002815,-0.5150450242317605,-0.6657439782463591,1.0,7.154029118261638,6.832751758441237
418,1.0,1.4948824617802394,0.10771840979552577,0.6323777982678858,1.9874603140434615,1.0,10.118400826858625,9.731985658201127
419,0.0,-0.08942951913279007,-0.4563430287837562,0.014569498428904537,1.068864138954286,0.0,8.593130009164671,8.473119961737629
420,1.0,-0.27313480996059325,-0.6108941334549759,-0.252005547229213,0.22466960671727249,0.0,8.098881382458844,8.133449693186021
421,1.0,0.1884657096012209,-0.11116672282375761,0.9553531757280948,0.546532411408028,1.0,9.075992791155821,9.022487587897176
422,1.0,-0.08676626869102233,-0.785342113983796,-0.40596554691612874,0.8982890710844897,0.0,8.366802279550976,8.345573184448082
423,1.0,1.1942688575230573,2.435042520616763,-0.7954688040291756,0.06995364681437566,0.0,9.513085101113994,9.306880176327283
424,0.0,-0.11853402346931274,-0.9440803127783564,0.4823735909600721,1.1966690583304764,0.0,8.536783018129897,8.444028068653058
425,0.0,1.9816513689237663,-0.39754238717023427,0.45540725936173515,0.7838623235604176,0.0,9.094399447146248,8.414830469151346
426,0.0,-0.4994198549084292,-0.6593626113507558,1.5314812605292891,1.6993476251978832,0.0,8.977524087570618,9.163217449487362
427,1.0,1.6811254608578836,1.7198442269371823,-1.422999577202563,-0.13432928290735247,1.0,9.436377767003794,8.79742783138764
428,0.0,3.6662990599916685,2.258846690802764,-0.2966798890145892,-0.407359225874077,1.0,10.175697386124618,8.938574655424546
429,0.0,-1.3534620627823024,-1.812954517674525,-0.09652534172323726,-0.5246818967311225,1.0,7.25140502406667,7.1499951432409645
430,1.0,0.8542949721442588,-0.835180185243336,3.615878074898147,3.916586860595234,0.0,11.0,9.0
431,1.0,-0.590381283238087,-0.45388423898954133,-0.5491914144246454,-0.09002117785491959,1.0,9.0,9.0
432,1.0,-0.4976535842331238,0.014452360419849153,0.5515424568989296,0.6863114253316297,0.0,9.0,10.0
433,0.0,1.12458195751406,-0.5272181643786962,-0.2912725947609418,0.4051993004771963,1.0,6.0,9.0
434,0.0,-0.058506555238476365,-1.6493783519624845,0.9705449588637152,1.2472153772774226,0.0,9.0,8.0
435,0.0,1.104755819324936,0.00793379565707042,0.38458738174186863,0.13224199386010738,0.0,3.0,10.0
436,1.0,0.21659797700342687,-0.424859839349476,-0.29735503750232695,-0.15080216486022036,0.0,9.0,10.0
437,0.0,1.2867416201461903,0.7537905263687779,1.8497697968176476,1.747869616997475,1.0,33.0,10.0
438,0.0,1.3029390114380883,-0.09934968774700587,-0.9179607642036228,-0.5848202019044347,0.0,1.0,10.0
439,1.0,-0.08975071496195908,-0.2388717675515098,-0.6691607613455893,0.6517425899536146,0.0,1.0,5.0
440,1.0,-1.0359287217771687,-2.013626460325855,0.03424107771680267,0.32107202229747295,1.0,7.734574706813025,7.761075266034075
441,0.0,0.5405504059209671,0.4217769046125847,-0.0173875849219514,0.380637694207715,0.0,8.773709614932097,8.50907718301806
442,1.0,0.7422374019919435,-0.6211595491393844,0.5405549575870445,1.1094711445323195,1.0,9.206201274880751,8.926804929339426
443,0.0,0.5711878911635339,-0.726167290425669,-0.410664891683292,-1.8379654325657708,0.0,7.211585464307188,6.695077767137327
444,1.0,1.5376935411626318,0.1444815661321353,-0.4333244649755311,-0.8299787428521509,1.0,8.626084040263073,7.978863985040774
445,1.0,-0.49995821690052833,-2.0330779817335713,0.49935435241390835,1.1410518150937579,0.0,8.043371202744707,8.152955987459992
446,0.0,0.7410580236917427,0.18591654546302655,-2.4480680718423935,-0.9020927100386728,1.0,16.0,8.0
447,1.0,1.2564600842265106,-1.5106953861713386,-0.2178964692111793,-0.21011951766867387,0.0,7.93697508418861,7.4353137957007345
448,0.0,0.0014423587328462606,-0.2993964258561959,-1.6020993201948466,0.1110013648525015,0.0,7.936381958508052,7.573155229304352
449,0.0,0.9871573747761944,0.025294163521765167,-0.1002305602979185,0.9385276556958353,0.0,8.978882626136764,8.56705109386066
450,0.0,-0.05699470475648527,0.06473273357849568,0.058916748839927965,1.051953414448172,0.0,8.808124714680703,8.7267442309265
451,1.0,-0.7165458583575635,-1.0186751656015123,1.3659261626027814,3.863917557694113,1.0,10.118401958681453,10.450730989601421
452,1.0,1.1600824551460338,-0.5923182179208535,0.42603226075275885,1.8067748196967894,0.0,9.34148298987187,9.111206508989227
453,0.0,2.3618208013123745,1.1316978150551942,-0.9791219262070376,0.06311454545475714,0.0,9.200587819533965,8.340642043787543
454,0.0,3.0979173127145647,2.0769039919246777,1.3621980649534653,0.9881005106166885,0.0,10.62224407937713,9.939491133722049
455,1.0,1.1409443431700446,-1.2352172745176486,0.007360212082210674,0.12402999141814086,0.0,8.214362330358512,7.81061679966688
456,0.0,-0.46737122854867674,-2.919718225478085,-1.2650370172355432,0.16839048737665402,0.0,6.864668867417723,6.459330644911274
457,1.0,2.44225837572116,0.5077578102387228,0.18883124772417698,1.1483890532154981,0.0,9.754777681209317,9.186574296521657
458,1.0,1.1185201760224472,0.947584158439468,2.1458628936292015,4.425181417106073,0.0,11.48364417107657,11.712366510219026
459,0.0,0.22722964481754437,-2.0964751706135325,-0.2385218435986672,0.2040567918799262,0.0,7.571660750953712,7.15328528359053
460,1.0,1.1047451646198665,-1.4642478106383476,-0.11918912328466523,1.515925591169288,1.0,13.0,10.0
461,0.0,0.3054369702043819,0.05492783965541337,0.15920743022512973,0.2670219922567136,0.0,1.0,10.0
462,0.0,-0.15872446569088572,-1.3260632837533368,1.3773189618590183,1.7859494758543115,0.0,3.0,8.0
463,1.0,0.43420801889068117,-1.1887316962393857,0.8444954032070644,3.1452692285404997,0.0,11.0,10.0
464,1.0,0.46875876378685244,2.1186253918968467,-0.40899356797816744,0.6167679100043822,0.0,10.0,10.0
465,0.0,2.3465946692316115,0.5998017584858206,-0.14100459119375583,-0.003227002203385898,0.0,9.105758226439484,8.299111396079045
466,1.0,-0.28492822546651997,-0.9582651789945631,0.2542559664961215,1.1196842225320949,1.0,5.0,9.0
467,0.0,1.943980460335451,0.27603904816898744,-1.4061017646885632,-0.9144080545760939,1.0,5.0,8.0
468,0.0,0.7135029251773934,-0.3551705594694219,0.32099215162248984,0.8793799678474765,1.0,5.0,9.0
469,1.0,-0.9637037120110723,-1.8398284471159039,4.052919748341706,6.281346001981525,0.0,23.0,10.0
470,1.0,-0.6512725241401283,-1.1036025311907838,0.9010168111997872,1.6227961472926715,0.0,8.672139592137743,8.971990142245533
471,0.0,0.5360615236724844,0.7058885926303538,1.6556132715060896,1.3197049135114234,0.0,9.628871319463233,9.624977204622626
472,1.0,1.4961738602878438,-2.1682508480297042,1.423826072877535,4.748382418595861,1.0,10.658123111409303,10.297616125618534
473,1.0,0.6031809019012536,-1.128633035408442,0.25266336954901636,0.238378544335819,0.0,8.21640947664929,8.011461986604575
474,0.0,1.956962012520037,2.1482737203534588,1.399798285516588,1.1996909495351797,0.0,10.463516797004534,10.132527796355438
475,0.0,1.82979284360361,0.8278639988178944,-0.23714101521631514,-0.5687880407939404,1.0,9.070879496557884,8.247200068599824
476,0.0,0.30736627434767505,-0.7011827073217973,0.8168353957555669,0.8700336604375696,0.0,8.649255379257749,8.476639145472223
477,1.0,-0.9198828072391378,-1.5509288524814293,-0.8246961543088233,-1.3964021170711494,0.0,6.693803205535113,6.697548705843896
478,0.0,0.4486370843232668,-0.08085753410285201,1.497514991161708,1.5132768923119673,0.0,9.356996936689086,9.303137524474693
479,1.0,-0.6733690356619433,-2.1060000244459656,-2.436736022419324,-0.14118227304814335,0.0,6.836872435051167,6.59401340626899
480,0.0,0.0410815720608107,0.1358935885859569,-0.1599278395638975,0.9913841269321471,0.0,8.79357870793749,8.661676564082086
481,0.0,1.1385896521147136,0.6986013793736867,0.17523195760812024,0.5905995945348133,0.0,9.170781987659831,8.787251341897164
482,1.0,0.42111085303274354,0.18435299223148988,0.1338932483271363,1.2439554629451441,0.0,9.141916147472491,9.13234299069125
483,1.0,1.1726327541363284,-0.3995375238438539,0.10891438463248403,0.5628367732685174,0.0,8.778649974447557,8.467555797017619
484,1.0,-1.1039132331413688,-2.0116925507820054,-0.3111189241270696,0.25934150070715256,1.0,7.626511084484195,7.630344564304089
485,0.0,2.004296954169305,-0.2849701443313607,0.08552891995361768,0.7595413661040398,1.0,9.35770791004305,8.487740944498801
486,1.0,1.8003673859099143,0.5510095866640652,0.28266595016582025,1.0505830269094905,0.0,9.577792033381336,9.206214637100121
487,1.0,-0.018033498917618407,0.03608733279656584,0.046800964331124156,0.44876303331724315,1.0,8.871374566590218,8.781160253068666
488,0.0,1.0166957888145138,-0.39903214523685565,0.8347622604446177,0.572498466523432,1.0,9.105706836973459,8.591107850970516
489,0.0,0.11625091249601249,-0.609162974246708,-1.007446415735965,0.3344989766102253,0.0,8.055514226709692,7.711609850726689
490,1.0,0.6838945745130198,0.4144880413762409,-0.5398743188096002,-0.9229290880618813,1.0,12.0,10.0
491,0.0,-1.475498278094007,-0.8870877827023669,0.3128631525573284,2.171752535016673,0.0,2.0,7.0
492,1.0,-0.05215369093022848,-0.33910761414132307,1.5199593104571147,1.9948647372492108,0.0,13.0,10.0
493,0.0,1.9269871073147362,-0.7900423907686007,0.6118363606410647,2.779648332641877,0.0,12.0,8.0
494,0.0,0.6481441781062103,1.4720568030518142,-0.016666321144908264,1.2310630899384734,1.0,21.0,8.0
495,0.0,0.6765689766649255,-0.32021230015304786,0.7764865468369365,1.5124393668970642,1.0,14.0,10.0
496,0.0,1.4729455886770555,0.2508787568832303,-0.917377529960335,0.3571221689091236,0.0,8.0,4.0
497,1.0,-2.1103719216613133,-0.09038182360468891,2.7450789441693804,1.5762923400839894,0.0,6.0,10.0
498,1.0,0.5438872745146098,0.6231466684864846,-2.2065789550587764,-0.02749893510574619,0.0,13.0,8.0
499,1.0,-0.7647249732933465,-1.8960716649273672,-0.7560422141933285,0.49810221509553765,1.0,5.0,7.0
500,1.0,0.9175229846986358,-0.261278075396325,-0.01233894681914117,0.21314065292295264,0.0,8.581465111605072,8.32621733953925
501,1.0,1.9506872479063404,-0.3397985394743116,0.21370868036549753,0.6614925745316285,1.0,9.358738326557162,8.69343725038361
502,0.0,-0.5158838794282008,-1.6316140534046892,0.37810448174251243,0.4922745791909199,1.0,8.102785974024647,7.874152964463044
503,0.0,-0.37546977943891413,0.0955884797285334,-1.1676710354312714,0.07371603013314021,1.0,8.347936152181777,8.02624648210797
504,1.0,1.9140953939283507,-0.42306306254605197,0.5065985020453019,0.5534983474977965,1.0,9.318341014836223,8.685495976112108
505,0.0,-0.3687110543382679,0.8891942379856128,-2.2289126439289206,0.09707049134565005,0.0,8.192858322624401,7.964175292397869
506,1.0,-0.8557636931164914,-0.786409922342417,-0.23342906841277583,0.5119967809196154,1.0,8.30904479206721,8.364026463753584
507,1.0,1.995485717375439,2.089499280714588,0.44284846014163154,1.2501726173624634,0.0,10.360793684029996,10.089145784852148
508,0.0,1.4357749165628961,1.036348632424183,-0.6121858407588858,0.5010244874303241,1.0,9.487935102970322,8.801994974099296
509,0.0,-0.3690854388574185,-0.740101892199293,-1.3121718440133785,0.6494753057052691,0.0,7.972031008032912,7.737558846301915
510,1.0,-0.6580454020408535,-1.8264163600410108,-1.5338392224260795,0.0536361184363221,1.0,7.49724414191265,7.236740314443767
511,0.0,0.3397161721482371,1.166271652303165,0.8064705713726097,0.44571957004227225,1.0,9.487541839105404,9.292104354196063
512,1.0,1.3777037931857063,-1.147225260705295,0.019799408745232002,0.526805407304825,1.0,8.792904922701444,8.197980649621895
513,0.0,0.7488367835310525,-2.672551860105325,0.13469774824562147,0.8036090918059327,0.0,0.0,10.0
514,1.0,-0.9588087645400007,-0.6515070148823139,0.07102834580397811,0.6461493110339389,0.0,8.163064773214703,8.45007210855694
515,0.0,0.3092719525847701,-0.42393127322239804,0.10996325161002093,0.6973701537757437,0.0,8.55091352692091,8.311703421742555
516,1.0,1.433836517641296,0.010427719628782195,1.1001726571585346,1.1637666890342704,1.0,9.760962255711256,9.40039198352962
517,0.0,1.679651567805777,0.9012791726791798,0.7824513785388657,0.5236124752934601,1.0,9.759314086172626,9.152790308895046
518,0.0,1.8379561842495469,-0.4695985948797836,0.08578757566048822,0.8245673541926043,1.0,9.272373356442927,8.438283753404116
519,1.0,1.038301342651066,-0.5624171028120121,0.45558989877274575,2.084353663132487,0.0,9.45796325189563,9.281692167490066
520,0.0,-0.03093195887950906,0.611971962204469,-0.38506736815834997,0.48332949055189606,0.0,8.684168771342025,8.56401913813835
521,0.0,0.6362134161997943,-0.25276283819591594,0.19547377178468853,-0.0662389938403255,0.0,8.358985837456474,8.01403754184883
522,0.0,0.06296162198146998,-1.591338934254833,-0.6378000470190027,0.6926251184042429,1.0,8.178581871297688,7.677143851608344
523,1.0,2.570957747295675,-0.8101510032832109,1.1870405393712617,1.7153263160597065,0.0,9.712141118042297,9.13679245686788
524,1.0,1.2445094804490553,-0.20396048961197505,1.2590065485798991,1.685885066602391,0.0,9.610571820090996,9.478754646978278
525,0.0,1.2127330285179718,-1.3285720186917984,0.8938391453764769,3.503232222865459,1.0,10.177148280075073,9.668213075441967
526,0.0,1.1129157877926867,-1.1124191867421573,0.24477634218482994,0.6375255315384594,0.0,8.480720361857198,7.962838333797948
527,1.0,-1.0576971586886301,-2.2978438413566544,0.9178235182053962,1.3801884156694744,0.0,7.9829931986267715,8.291668487731036
528,1.0,0.051625679118826706,-0.5235384315232411,-0.7994372292169101,0.19056865209866602,1.0,8.393238511650711,8.126543028780999
529,1.0,1.156641449843848,-1.3852771401498485,0.9932572425387991,2.1362464469795146,1.0,9.57455606112485,9.20957703995921
530,0.0,0.6767181255636987,-0.1603822133684742,-0.46362717449919955,0.15399410183790063,0.0,8.390746989761766,7.975915898179707
531,1.0,0.6417333058404272,0.16546369806975025,0.4093034721464258,0.09818328464700271,0.0,8.701738177374171,8.605811687368247
532,0.0,-0.11929003740654887,-1.5765195843897089,-0.19725528710530732,0.6819655434152444,0.0,7.921036831451374,7.673640416540522
533,1.0,-0.2162208009263521,-0.33928851736472027,1.176283167550005,1.9175038186985014,1.0,13.0,9.0
534,0.0,0.02328995490359287,-1.1510513679639878,2.3625790098726447,5.105820617106851,1.0,29.0,10.0
535,1.0,-0.08892951275006356,-1.1593674053655234,0.057405311574107803,2.2364047645185527,0.0,11.0,10.0
536,1.0,0.4339418005718073,-2.3605546560039965,0.7483470770372618,0.6428029727888387,1.0,8.0,6.0
537,0.0,0.6909807199605358,1.9311135209103718,0.6965245150157903,0.37132478546279324,0.0,9.535266334390109,9.435349114679845
538,0.0,0.2716464962608878,-1.0038225684433988,0.14735770476632754,0.046794473766266664,0.0,8.011948861321805,7.709609500317543
539,1.0,0.6269698779448272,0.2541182237414769,-0.9098952871210726,-1.2776920772642653,0.0,7.847735469222785,7.54874881834742
540,1.0,-0.8572313952597941,1.2134412708837559,2.1499173799389357,1.231422562330197,1.0,22.0,10.0
541,0.0,0.061515763961441094,0.11609458132473377,0.11485319847566275,-0.034702056392036384,0.0,0.0,7.0
542,0.0,-1.4230231143490677,-1.7922930606569838,-0.06098203628944114,1.1075907441661674,0.0,10.0,10.0
543,1.0,1.2409655771348473,0.4511553008176075,0.07857483017229197,1.5436510666153263,1.0,12.0,10.0
544,1.0,2.6743231256702282,0.8919990038676628,-0.1607524328647838,0.21640632941193916,0.0,13.0,10.0
545,0.0,0.2860263329126594,0.6373915545058297,-1.646299221074077,-0.97159574753439,1.0,5.0,9.0
546,1.0,-0.9657411353890022,-0.019382815784761587,0.08273356116527299,0.3465808458863783,0.0,6.0,10.0
547,1.0,1.8335534877088802,-0.05226491178453546,-1.4019414634013212,-0.3918370457240371,1.0,2.0,4.0
548,0.0,0.14042504834020497,-0.6232152999569951,0.40576525757237325,2.0211105735997164,1.0,18.0,9.0
549,0.0,0.24322004618980952,-1.2082408091391483,0.555406486487564,0.7161556385179488,0.0,1.0,5.0
550,1.0,0.07956452493439675,0.07956407545202249,-0.43919442120653457,-0.09897076673663707,0.0,7.0,10.0
551,0.0,-0.8851378638015164,-0.8291661835935815,-0.5645179913597496,-1.853476973772473,0.0,18.0,7.0
552,1.0,0.8244678725568859,0.5278307063290038,-0.7600182715625269,0.3057837455726001,0.0,2.0,10.0
553,0.0,1.9341517237308419,2.6065301742292357,-0.286223411628434,-0.13158051131553472,0.0,17.0,10.0
554,1.0,0.9493359386871443,-0.5829671656550531,-0.2841400358029665,0.49740627986910846,0.0,0.0,10.0
555,0.0,0.3709139388405747,-1.2959378163758595,2.0723327595057204,1.131865182555992,0.0,7.0,10.0
556,0.0,0.8759725724735348,0.8137608845467839,0.6430022696356833,0.7441833546074598,0.0,10.0,10.0
557,1.0,0.4337616585858959,-2.053843951256944,0.052436027129843486,0.20352354272975787,0.0,5.0,7.0
558,1.0,-0.28605613622976844,-0.7031829609899258,0.5977601418645084,0.28162341080780195,0.0,2.0,8.0
559,0.0,0.8015626809370594,-1.4225812755914031,0.7893095856901426,1.8079293323973027,0.0,0.0,7.0
560,1.0,0.3236303400798207,-0.9979609910797618,1.5121815362613527,1.8588160072923094,0.0,9.186005288408051,9.292403196374861
561,0.0,2.55707978158117,2.174972504861237,-0.45289150956702345,0.4638474053596033,1.0,10.238967826061234,9.339159045303147
562,0.0,-0.3172684570266536,-0.7210856416703559,1.717398636380581,2.0773777139957406,0.0,9.211294369240944,9.37752175167859
563,1.0,1.966161647060522,1.3116562959651952,0.2000230249119182,2.4299915772698477,0.0,10.556145298825228,10.253673891984551
564,0.0,2.3382531601143226,-0.5459369475455051,-0.0006739440334146088,1.0331735106475888,0.0,9.162274429457128,8.325412259774572
565,0.0,0.12205993340430932,-0.2911180230620936,0.6305646428695151,0.7646649457750567,0.0,8.681021479243544,8.570433169627885
566,1.0,-1.8059652395975467,-0.633847796619093,-1.1091069194795677,0.21380800505442027,0.0,7.535917822578777,7.915074968996273
567,1.0,0.1513618108661895,-1.0113172677263271,0.1233863128935877,0.8599808579357003,1.0,8.706924541321325,8.507163622956089
568,0.0,2.019174918911787,-0.8110694490641539,-0.15772920498227683,0.788685268457373,0.0,8.831736127566314,8.036153269317502
569,1.0,1.7904152694987405,-1.6187559934252973,-1.0174881806843616,0.8402510496135369,0.0,8.38138200595653,7.671263352754542
570,0.0,2.108646875434658,1.547963719653548,-1.5724900099958323,0.49973011392997224,0.0,9.398930367390843,8.599134373920844
571,1.0,-0.1305715607944451,-1.2662457291391214,-0.9335923025900968,0.5955148455246745,1.0,8.218231540548624,7.945238045007861
572,0.0,-0.41393096320470313,-0.8618565755794148,-0.054094197823069505,-0.5663022259181348,1.0,7.858170457870144,7.566350547574254
573,1.0,0.4270562003270121,-0.890094871628893,0.8699029061823466,1.4021859133670929,0.0,8.924646827702288,8.91518509437564
574,1.0,2.1415745359048426,-0.1947894874641808,-0.5226324287670802,0.26115390331988614,1.0,9.144112091040721,8.332372208630803
575,0.0,1.7386874247264765,0.7880017881645287,-0.15432757173595765,1.291395936196257,1.0,9.921829634194108,9.215803827217375
576,1.0,-0.210119283955299,-0.36733310462800706,-2.4127033233704425,0.6420088116342167,0.0,8.018218728001694,7.825092006981527
577,0.0,1.6129635908575441,0.5353566599627286,0.810924495770394,1.0086846855032199,0.0,9.539423634436009,9.09656746261862
578,0.0,-0.04399223679333397,-0.4124514032536616,-0.14447203727249025,0.06535700180068038,0.0,8.121360987016377,7.927665632093901
579,1.0,2.8633389098730073,0.879703447070425,-0.2520705104359087,0.5167931652133562,0.0,9.633811211938788,8.894740124586129
580,1.0,-0.8928101987174066,-1.5003178630373235,-0.36439172034201195,-0.2055821546503842,0.0,7.364170110673458,7.471701529247087
581,0.0,0.5073855408439069,-0.11178334373963233,-0.44007087930513056,0.2640882637521095,0.0,8.422528090589537,8.068757514579573
582,1.0,1.9187956191432225,-0.008801471241198844,-0.13721777987328918,0.5471635879206291,0.0,9.073657465402476,8.549308647224477
583,0.0,0.7474472989385246,0.2820039740921279,-0.07031676280861411,0.7526141948075653,1.0,9.227978887844897,8.75280270153733
584,0.0,-0.5020412361263851,-2.0456710885816873,1.6204889875218733,1.4314662602883117,0.0,0.0,5.0
585,1.0,1.9826539873364624,3.0915334340158034,0.8174969880779067,0.761596407657228,0.0,30.0,9.0
586,1.0,0.17389288012618986,-0.05403990489884325,1.3484336672082027,0.7371289590974334,0.0,8.964467872894069,9.123520779523036
587,0.0,-1.319273371422168,-1.127906030261212,0.8398485609555124,1.7424489817519118,0.0,8.476444551545116,8.78353192138547
588,1.0,-0.12014736178652907,-0.6375296799716725,-1.1698320214277282,-1.023894492266427,1.0,2.0,5.0
589,0.0,0.7151807398654945,-1.6391965092660061,-0.024687148924005066,0.0031373115184879508,0.0,7.82248090301293,7.316038350661228
590,0.0,1.0176522276653293,-0.19873949825452372,0.6891683491152221,0.9269475313919111,0.0,12.0,10.0
591,0.0,-0.8837838187641118,-0.597777316006953,0.18231830647147226,1.553652952431778,1.0,3.0,5.0
592,0.0,-0.22964907149980274,-0.4875199620632455,0.051569116318532414,0.6517812566323775,0.0,0.0,9.0
593,1.0,1.5425063789319768,-0.15626926324984394,-1.8923499229192073,-0.03265292059844338,1.0,2.0,9.0
594,1.0,1.638893354203137,0.3454034769336391,-2.636546636471362,-3.37599009725725,0.0,17.0,4.0
595,0.0,-0.5173789013240866,-0.944139200446426,-0.7530788633805975,-0.08656125578815199,1.0,20.0,10.0
596,0.0,1.7646162563243082,-0.024585421929528617,-0.4172687478135554,0.18610404552373294,0.0,0.0,8.0
597,1.0,0.73537057676798,-0.43384671546318887,2.309901191884433,1.4307739709601428,0.0,14.0,9.0
598,1.0,0.48181921199254324,-1.1308056028051408,-0.16160642383924115,1.4737273258071835,0.0,7.0,10.0
599,1.0,-0.5891328874941804,-0.5447977641305208,-0.3388138201588474,0.28426631136290387,0.0,9.0,8.0
600,1.0,-1.6843642230114124,-1.3431549042847644,1.5427571931984525,0.7621689634243298,0.0,8.02236115469022,8.637129045147782
601,1.0,-0.9787877865526897,-0.2650522863864725,-0.15871864334137453,0.3617035809049026,0.0,8.135877234367893,8.421668276847882
602,0.0,-0.8180830665114185,-1.8620816666770932,0.09924455843203203,1.952316220221574,0.0,8.27934054315092,8.303360871694084
603,0.0,0.45134202217230945,0.087065907230788,0.36765357047970204,0.31622484948761287,0.0,8.657212913247244,8.431841701917817
604,1.0,-0.19842814310840517,-1.9830579593236222,-0.5158533451353275,-0.2769343593370124,0.0,7.290403936663837,7.134801873550802
605,1.0,-0.8326482670368283,-1.5162449164207672,0.0218465346703607,0.6410931714636513,0.0,7.841375524701778,8.013236792368247
606,1.0,0.33930956310707594,0.48688219448876763,-1.7511445286169578,-0.7005335352773671,0.0,7.985858678816271,7.719520000044922
607,0.0,0.3229663961788555,-1.2401127058902122,0.40933830181065617,1.2962169345432848,0.0,8.566585854478914,8.316739984581128
608,0.0,0.4330188436853669,-0.30833162574699297,1.237520314178489,1.9836998483893709,1.0,9.72824271627975,9.501832201235919
609,0.0,-0.06584143682191268,-0.9515649955179679,-0.32691835784835793,0.8879775835248264,0.0,8.256119109995554,8.040098281503658
610,0.0,0.9155229779323795,1.127695687567196,0.1391092788116758,0.9302927250410986,0.0,9.436879560248906,9.165577343192414
611,0.0,1.9792434401981303,-0.5870418251329361,-0.229218810671252,0.6444977472812123,1.0,9.120580017766704,8.19104235841882
612,1.0,1.240917988626049,-1.2710301044177439,-0.5839226771273448,0.5575045981700304,0.0,8.323152176496652,7.839025126422405
613,0.0,-0.24867352160393308,-1.7563994785651376,0.058332471361295046,0.7143541205012973,0.0,7.877794275742634,7.683845189198087
614,1.0,2.6981404430661557,-0.04874090586875118,0.7478755206489358,0.5496846484636723,0.0,9.419070739428136,8.766805339244534
615,1.0,1.6122374378206101,-1.3023874286381376,1.5660622643767363,1.9878376108735782,0.0,9.467054301389455,9.185290645266011
616,1.0,-1.2659029674268814,-2.924615909527827,0.5713537438785518,1.3929387796970936,0.0,7.624432012822458,7.901732025785179
617,0.0,0.939914997867116,-0.05855368439447867,-2.3481841335132585,0.20121516538402962,0.0,8.181029316593355,7.4832992629557555
618,0.0,1.0727822909299185,-0.25915868233305817,-0.3904026269607464,0.7040401139537803,1.0,9.016453864318578,8.362175303179267
619,1.0,1.36348243817628,0.3459269960953912,0.6150426637913158,0.7238940713972123,0.0,9.290393288575977,9.052010052247219
620,1.0,0.978019737921616,0.05123896338958517,0.1476026600674867,0.29480027169441136,0.0,8.78821235708529,8.563749593629307
621,1.0,0.17128283077387896,-1.673811021287145,-1.5850118806718423,-2.0114938952874026,0.0,6.499068306153717,6.0595316744906835
622,1.0,-2.4173138001290653,-0.4269079820390424,-3.036372736122387,-1.2637946226565253,1.0,6.708879238380872,6.844153727396459
623,0.0,-0.019811400876120544,0.7532113632393178,0.7228353989971869,0.7510029182832718,0.0,9.068847105688219,9.09715179484655
624,1.0,0.6511662438533475,0.6117963998794849,-0.521933811548554,0.30316241058807614,0.0,8.809582975775713,8.65046901879457
625,0.0,1.8561988494234862,-0.2705007097499188,-0.009505473501653204,0.6949575962254141,0.0,8.986811979968273,8.29677397963512
626,0.0,-0.4589120317749582,-0.9022157485380224,-1.0007752133352983,-0.8873908735505839,0.0,7.217717037587903,6.961429667931736
627,0.0,-0.9455061879464721,-1.4944213623558698,-4.770625835268146,-1.7549796395793482,1.0,6.060493344974244,5.2726184901306885
628,0.0,0.8628358431517564,0.8859840162603403,-0.04325000344584044,0.310616807293924,0.0,9.003027260154896,8.677453642000932
629,1.0,0.9674601251013791,0.042992694004290954,-0.001471232615751404,0.8774530127386391,0.0,9.029479473065742,8.816838637700432
630,1.0,2.065657131275878,1.084275105601471,0.1318203943006146,0.27113356753944584,0.0,12.0,10.0
631,1.0,-0.22985431987490845,-1.524269306554785,-0.28948886709201677,0.7068932865835731,0.0,4.0,10.0
632,1.0,-0.6662422129287104,-0.977486986417736,1.0788657227396892,2.2442612986145165,0.0,14.0,10.0
633,0.0,-0.2879000332242688,-1.3962662294602781,-0.03324888587507224,0.5959421176409484,0.0,8.0,7.0
634,0.0,0.028416949497407473,-0.28387018959823246,-0.14246536042464056,-0.8157542016545977,0.0,6.0,10.0
635,0.0,-0.3489691178430778,-0.8501733037731325,-0.2150445025503913,0.873585602374249,0.0,0.0,7.0
636,0.0,-0.5146129193980449,-1.858034873113642,1.6833239641194884,1.4437364503194916,1.0,6.0,10.0
637,1.0,-0.5087552156358615,-0.7766870465788767,0.8174765624346098,1.2702530329881765,0.0,0.0,8.0
638,1.0,1.622481865294903,0.5877516860466521,1.0022250006777687,3.0023361729856277,0.0,17.0,10.0
639,0.0,1.5045738522972567,0.8859982593124636,-1.1947677930134124,0.36783671113416294,1.0,4.0,8.0
640,0.0,1.0239261550615613,0.4419391663566305,0.4092756994159754,0.31735195123315874,0.0,13.0,10.0
641,0.0,0.3148857354207809,-1.3911935649036917,0.5937505238553333,1.3787532679882444,0.0,7.0,10.0
642,0.0,0.26735774391749356,-2.380639151513605,0.3175885412067213,0.48667210830912877,0.0,6.0,6.0
643,1.0,-0.047519686167637465,-1.4957536740274537,-0.23876616376729015,-0.002382708817109891,0.0,6.0,6.0
644,1.0,0.5313632541979315,-0.6806910125512056,-0.009443509351599488,0.5391411873429902,0.0,18.0,8.0
645,0.0,0.8676303169869743,-0.19314676096802527,0.8347775452567106,1.918534161059057,0.0,17.0,10.0
646,1.0,-0.1916238468130862,-0.7671034765472535,-1.720468732226607,-0.8166268858348146,1.0,8.0,4.0
647,1.0,0.4271671627832722,0.3465864325145747,-0.07196955927680136,1.0223631441644871,0.0,13.0,10.0
648,1.0,0.9841923663713753,0.09997800283806091,-0.28230231354285634,0.6376936814779757,0.0,6.0,8.0
649,0.0,-0.42472878028149497,-2.0346695594083433,1.3705596925282748,0.509616295548709,0.0,3.0,7.0
650,0.0,1.0193302098827597,0.9062029872889199,-0.27524693073322165,0.05814922169319625,0.0,8.890639514450992,8.483001807559443
651,1.0,0.6151360534498485,-0.9897088135680174,0.2851562019036847,-0.23082716013552662,1.0,8.35068406508677,7.98668320759907
652,1.0,0.35450663762826407,0.08846431430488311,0.0617519484266217,0.5687736296741956,1.0,9.0470948181176,8.860148212302695
653,1.0,3.0627254786750395,0.679921767115617,0.4580043622291415,-0.20861310353707707,0.0,9.39265143112328,8.62748894040085
654,0.0,0.9422012446271613,0.07952131267418555,-0.942044064688432,-2.0726413196670923,0.0,7.420161954821022,6.791451707313579
655,0.0,-1.7860134008101936,-2.8673647722569156,0.11867881370838783,0.6629534759986614,0.0,7.028703945705609,7.1931761564549515
656,1.0,1.308834787941271,1.5634512356272714,0.48955250528522615,2.244935949528337,1.0,10.743153927148535,10.528306602953379
657,0.0,0.6185798720429331,-0.3271623902029727,-0.02999917675146627,-0.16990020546023465,1.0,8.526522621887393,8.000208277812757
658,1.0,0.986334672882826,-0.4388373772346711,0.14892012563956186,0.605539901953843,0.0,8.74247544659754,8.488815677698865
659,0.0,-0.12789659019331745,-1.4189709988959183,-0.02687386523799616,-0.020280867737000774,1.0,7.972636488019527,7.578966305613549
660,1.0,0.9431414218723178,0.025771288317937624,-1.495200215575676,-0.6301502806636107,0.0,18.0,6.0
661,0.0,-0.5622763225263945,-1.5943526041692273,1.407010355386115,0.8343557189305738,0.0,0.0,9.0
662,1.0,-0.1146380199077397,0.013490826634013853,0.2747272809489338,1.9779209945420941,1.0,23.0,10.0
663,0.0,1.460972165594628,0.18414774340053824,-0.46324200501544743,-0.10443318233257548,1.0,9.0,9.0
664,1.0,1.0967243630495005,-0.6753515473964244,0.13280923039387335,-0.5618584064925954,0.0,4.0,10.0
665,0.0,1.3923485814342524,-0.5350352897039125,-1.3118703023209057,-0.8658332881126737,1.0,2.0,4.0
666,1.0,0.5624838089787622,1.0237238533609025,-2.1632998083496946,-0.4580566061105199,1.0,5.0,4.0
667,1.0,0.9152111863161773,0.1725058549637309,0.08931534343342194,0.9867643056707517,1.0,21.0,10.0
668,0.0,0.15401600321212205,-0.21661046074897106,0.4913527112448016,1.1361375744193878,0.0,3.0,10.0
669,0.0,-1.146307836596204,-1.991120428046436,1.2495092317540066,1.5512685311832906,1.0,4.0,10.0
670,0.0,-0.4558752236347746,-0.19677814978658947,0.8399296583840397,0.7473756413830689,1.0,0.0,8.0
671,0.0,2.159307901389965,-0.7625292580707861,0.5319380028503566,1.1717695111202722,0.0,8.0,10.0
672,0.0,2.15540698737921,0.33633944757739614,0.4128776151603788,-0.5304122708459692,0.0,4.0,7.0
673,1.0,0.28699251081385413,0.967225412048752,-0.7996855227166688,-0.9263896325029269,0.0,11.0,10.0
674,0.0,0.18246583960430918,0.3990430419408059,0.24841682372745194,-0.2647228001094015,0.0,3.0,9.0
675,1.0,0.41149773879132207,0.07669260863630473,0.026787621336093678,0.7776557699184217,0.0,4.0,10.0
676,1.0,1.1197901347856973,-0.7883062357637681,0.10744873330115978,2.0276778214380338,1.0,13.0,10.0
677,1.0,-0.5524949266417802,-0.9360926434834043,0.11966640425648992,0.6320473714811713,0.0,7.0,9.0
678,1.0,0.4697558551248305,0.21931900656621733,0.5278075186141905,0.7021365870763606,1.0,10.0,10.0
679,0.0,0.18526789926230958,1.62440912414487,0.64131622393723,1.8499250858104488,0.0,13.0,8.0
680,1.0,0.4706294205993393,-0.6273309230047381,-0.5879056576105115,1.0784923945881233,1.0,9.0,4.0
681,0.0,1.5607974635755029,0.18084508858659837,0.4084218251464728,0.9514752818731699,1.0,12.0,3.0
682,1.0,1.6601390111265744,-0.640967485752376,0.27825426505497,1.0083307212976726,0.0,5.0,10.0
683,0.0,-0.21115577843736832,0.332373581892665,0.32817605044465653,0.4346566658827524,0.0,4.0,10.0
684,0.0,-1.2380497724344548,-0.87374176107078,0.08446056444056928,1.0513717127862274,1.0,0.0,10.0
685,1.0,0.7598138522066372,-0.7273202991591193,1.0149721793306112,1.4197227406543131,0.0,13.0,10.0
686,1.0,0.48872750172357066,0.4921797299205633,0.49383732692730736,0.5703873923712273,1.0,24.0,7.0
687,0.0,0.5208271574779912,-0.38906916196244234,1.869264097565182,0.49673395431019973,0.0,13.0,9.0
688,1.0,-0.05737969407063326,-1.534956226968637,-0.43076009344423605,-1.1673272387194684,0.0,4.0,7.0
689,0.0,-1.6715792072185498,-2.2998393694058707,0.9072660353552694,0.3425210149193648,0.0,11.0,10.0
690,1.0,0.15073151244866267,0.8308552905782862,-0.558424239838095,0.7812714746528299,0.0,14.0,10.0
691,0.0,0.734064312403544,-0.035663282156722875,-0.2584558950965189,0.920442779947473,1.0,8.0,7.0
692,1.0,0.1054732128930832,-1.8829372754365454,-0.07165195931532338,1.465250420242981,0.0,2.0,7.0
693,1.0,1.423143870099335,0.5808293746652868,0.3818927226027441,1.0292138437042062,0.0,9.0,10.0
694,0.0,0.34140811585879816,0.2305966335165584,-0.1077727440821526,0.10841222914802656,1.0,9.0,10.0
695,0.0,-0.3743909790233748,-0.47743814485272573,0.2417283251046857,0.3727095719638751,0.0,7.0,8.0
696,0.0,1.0864527505153858,-0.23263729300123145,0.34321102950840293,0.9528528298382175,0.0,13.0,8.0
697,0.0,1.0215209206551106,-0.8366343397496612,-0.6012519536924078,0.9927786726705102,0.0,17.0,10.0
698,1.0,0.6833699474216279,-0.6324709071545234,0.004326214015538675,-0.4228353273493516,0.0,2.0,10.0
699,1.0,0.7745777538791603,-1.2535488841551106,-0.13516952532953902,0.16109673398187774,0.0,0.0,4.0
700,0.0,2.488305262166641,1.0968230591978494,0.8069053310046063,1.6328630311454244,1.0,10.571100781287102,9.799320639648458
701,0.0,0.9119316962911126,-0.3262653869321216,3.266994094069942,1.723097294971688,0.0,9.79676216938574,9.800982324796454
702,1.0,-0.0695046742671338,-0.7162769120834678,0.24102055444621345,1.5895731735555856,0.0,8.840604120365601,8.926247431808465
703,1.0,1.196162017957578,0.9545354185977131,0.6160826655432311,0.8022213954645155,1.0,9.816753266540196,9.532248480724457
704,0.0,0.19498404773410277,0.4808288329026647,-0.6304586135962619,-0.23678616488693938,0.0,8.307163481726404,8.049157625223584
705,1.0,0.803590839543915,1.7399844539897578,-0.5105540595339026,-0.2085338789361173,1.0,9.348426054715583,9.068052335723706
706,1.0,-0.45957810604039395,-1.3501016414686318,0.010863729248944132,0.5959899662565559,0.0,7.9799745735778025,8.053967081884604
707,1.0,1.5043614975510131,0.3923206480755393,0.21373863453485065,0.6024748493172379,0.0,9.215484934225074,8.88825972194863
708,0.0,-0.9222936213834321,-1.6325915219513207,-0.04163843845569787,0.256456217319826,1.0,7.811221426815121,7.641568682684462
709,0.0,1.1734716459941714,0.7099031770855162,0.34138205241916886,0.19716070712727352,0.0,9.029088512785023,8.637529178105527
710,1.0,3.1053219359290143,1.1014064841958018,-2.44171626090077,-0.6877253869326657,1.0,8.0,10.0
711,0.0,1.0279509304494394,0.3503181288253762,-0.09779394136735137,-1.3099217299538846,1.0,2.0,10.0
712,1.0,0.8441708122872008,-2.080116511900157,1.2224097753749439,0.15589255032928634,0.0,12.0,7.0
713,0.0,-0.7064863989972943,-1.6455332718071527,0.6786776253094337,0.8801805467470467,0.0,12.0,4.0
714,0.0,-1.6395859023288804,-0.6685406703916774,-0.5403630165822761,0.6532015763727538,0.0,23.0,10.0
715,1.0,0.8313514448589026,0.5954731940618125,0.9897955647868327,2.1179658131341013,1.0,10.0,10.0
716,1.0,-0.26657617042898196,-2.4598038958336295,-0.6001300055606694,0.5237878568511691,1.0,13.0,8.0
717,1.0,-0.2474371831076141,-0.32161565789981233,0.8431718629815997,0.6750115379153993,0.0,5.0,10.0
718,0.0,0.9573139386930938,0.495762932434961,-0.6654782678679967,0.1893285490836798,0.0,3.0,8.0
719,0.0,0.5720176746929488,0.581861158118306,0.4331211621684049,0.49517099778512486,0.0,9.0,7.0
720,0.0,-0.27978877162507587,-0.5606008782191152,-0.3308040219578028,0.6271049077465393,0.0,2.0,10.0
721,1.0,0.40700931643471444,-0.5129027336254248,0.7432647981705086,1.3018039877840388,0.0,0.0,6.0
722,0.0,0.6643798889778121,0.26885979840946955,-0.029733814660493327,0.5939812231398214,1.0,15.0,10.0
723,0.0,1.7379935976697638,-0.01731800601796174,-0.983052969877321,-0.23700282740649092,0.0,7.0,7.0
724,0.0,-0.4865748195159484,-1.9578687342038512,-0.5815156076508396,0.07601200661427676,0.0,22.0,10.0
725,1.0,-0.15837823696183073,-0.6463141660660912,0.05679395252807022,0.5271119542985716,0.0,0.0,10.0
726,1.0,0.5831230382003392,-0.8716513909908581,0.024157560573385903,-0.3018560854914014,0.0,0.0,3.0
727,1.0,-0.42785296809053297,-0.7206241202360882,-0.23810190380963323,0.6332145920424659,0.0,6.0,10.0
728,1.0,0.06682147990025883,-0.22957351337916193,-0.5603997436283127,-0.9245332017549436,0.0,13.0,10.0
729,0.0,0.670458559715339,1.3665334189004177,0.69103153954377,0.869786564624951,1.0,20.0,7.0
730,0.0,0.2545045365170332,0.1742187729738261,0.8143755191446685,0.9939241553984288,1.0,13.0,9.0
731,0.0,0.8664355610340572,-1.4367207569237965,-0.7296276666012758,-0.2702654737602276,1.0,4.0,10.0
732,1.0,2.960828144433128,1.3650578135868696,0.5058908821346337,2.126319334897013,0.0,22.0,9.0
733,1.0,0.5472176008348484,0.2367805023710487,-0.005794657021349536,0.8100400797607769,0.0,2.0,10.0
734,1.0,1.7054139672645772,0.45023642980269013,-0.3113738707911737,0.012929990605996533,0.0,3.0,8.0
735,0.0,0.217257418980491,0.2470468674481629,-0.8536837440656618,0.45606608780844354,0.0,0.0,4.0
736,1.0,1.0580903634437169,0.3268146990917155,-1.4048812260680905,0.007641893165449609,0.0,13.0,10.0
737,0.0,0.22367307254291197,-0.36534622089790614,1.4676064183763997,1.5572112770093858,0.0,14.0,5.0
738,0.0,1.325626934651364,-0.5930736682700675,0.5455803393289205,0.3203314932495849,0.0,7.0,9.0
739,1.0,2.4857659099614184,-0.3088399132131851,-0.17850458968230923,0.9574318137402031,1.0,16.0,9.0
740,0.0,0.4194146049897972,-1.961469103474404,-0.11201676522225354,0.6727625798880487,0.0,16.0,9.0
741,1.0,-0.32851112613953004,-1.6518835404867322,-0.057485559230299646,-0.29147889226031476,0.0,7.4641192244687415,7.426265410342683
742,0.0,-0.6092172569725351,0.04965221787073898,-0.49600448343276915,0.5295282835476255,1.0,3.0,10.0
743,0.0,1.0617502874783886,-0.0671584619438867,-0.3444944753398639,0.405940552107437,0.0,9.0,3.0
744,1.0,-1.1980922946391437,-1.616369614809304,0.08021219608090989,0.9730648968449878,1.0,13.0,10.0
745,0.0,0.7340169051759761,-0.9997517596554291,1.0238440436612495,1.125541677515242,0.0,8.0,10.0
746,1.0,0.695870972054032,-0.7585307713988243,0.5656079826608047,0.39800211073492636,1.0,5.0,9.0
747,0.0,1.3858864362690206,1.2827140858622037,-0.614320613675294,0.573670533554193,0.0,9.0,10.0
748,1.0,1.7909771285175466,-0.6636275006076503,0.610611266266548,0.5165825932095633,0.0,8.901672252330574,8.44428152836731
749,1.0,0.30191229598870317,-1.6507492567887012,-0.08598027320427232,0.7572967975424978,0.0,15.0,10.0
750,0.0,0.6748058739036584,0.31896942749753904,-0.5363554603309224,1.9329476326350297,0.0,6.0,10.0
751,1.0,2.881974449076983,1.287005816094174,-0.17891335995902324,-0.06594046172348456,0.0,9.53911599788456,8.810613263515558
752,0.0,0.9236059698927056,0.2914154604038292,-0.18851426314614342,-0.9486403834211877,0.0,2.0,10.0
753,0.0,1.0270884571822652,0.7235511988311918,0.29787293809797016,0.9973677920767952,1.0,20.0,10.0
754,0.0,1.1355077603432835,-0.08098608212385072,0.34605218163215473,0.8675422900635563,0.0,9.021998385598529,8.606270458857214
755,1.0,0.009130915511011306,-0.6193577494771507,-0.3799662259894275,0.06828533970722761,0.0,8.071436639054934,8.001332626703512
756,1.0,1.423717271363818,0.7748449843418508,0.804983164586217,1.100538379040818,0.0,9.687433369401894,9.506608322424007
757,1.0,0.3860017925657417,-1.0481458587659735,-0.627508601617092,0.8647225924670855,1.0,1.0,5.0
758,1.0,0.33511700962667124,-1.0161151996541304,-0.0659177804875546,0.6113096437645137,0.0,8.31009352097324,8.1728782118393
759,0.0,1.9157091805416773,1.4963032502196292,-0.2693135464067924,0.1147568058913841,1.0,9.0,10.0
760,0.0,2.7121555839313602,-0.18810213591882202,0.30376586215607226,0.8907984615520537,1.0,9.679252874949473,8.642707931082098
761,1.0,2.350714880624457,-0.490703114025759,0.9095334728434433,3.2747631798198182,1.0,10.756868769591922,10.162092312005248
762,0.0,1.5818088311405498,-0.1239418446213941,0.6319033347430586,1.071935247209731,0.0,9.267459017848122,8.760606931966233
763,1.0,-0.23373012114849157,0.053902231851497895,0.5263733033804245,0.09608348219549412,0.0,8.45253374065995,8.61521071703702
764,0.0,-0.4166231102232094,-0.797371175341469,0.8313257242319259,0.3260338139117435,0.0,8.17161679546069,8.178279228442682
765,0.0,-0.5616192916068516,-3.7969159748175803,-0.24991187625572298,0.6822253016044895,0.0,6.917519662312349,6.606372082832451
766,1.0,2.159981545432837,0.28013229351176744,0.3185884192016375,0.48916435688206095,0.0,9.30517745770692,8.784790764397508
767,1.0,0.46629767383377446,-0.05008566956514626,-0.981894000204816,-0.7558196690197289,1.0,8.209383809616368,7.797591335169704
768,1.0,0.7839589106079651,-0.8985011987413194,1.2281831198059812,1.538425971510876,0.0,9.141820086686256,9.075359066565719
769,0.0,1.1599319851442542,0.3239262427058481,-0.6326692199567071,-1.569859090530123,0.0,7.8654329632582645,7.2525174109161155
770,0.0,-0.18725959269831205,-1.3792357929637373,-0.43035828229506606,0.5454603510995786,1.0,0.0,5.0
771,1.0,-1.5162486797047228,-0.6670143256758785,0.9628141187525934,1.8331214331332397,0.0,1.0,7.0
772,1.0,0.26776003440949847,-0.7318617418412809,-0.14090287312429176,0.6909961569016817,0.0,8.429449334395194,8.330676743496474
773,0.0,0.18445439533162655,-0.6628098607683942,3.791561191752803,3.25841044762968,0.0,30.0,10.0
774,0.0,0.49847816188890026,-0.58752546073892,-1.5906125987935464,-2.727848054779377,0.0,32.0,2.0
775,1.0,-0.10603530561829566,-0.5402170124623151,-0.7038198222058241,-0.04920398729922015,0.0,7.959499361638954,7.886857288868932
776,1.0,0.5678868745484382,-0.47113839825414716,-1.5048545717744177,-0.7224611725622093,1.0,7.989903859224755,7.4545262702892705
777,0.0,-0.620594981825416,-2.2339309926934017,-1.0178476330348192,0.5550855254204148,0.0,7.323731912247451,7.066631797546402
778,1.0,0.6755436866207287,0.27057164897882074,-0.4518018873080939,-0.4934933148917592,0.0,0.0,7.0
779,0.0,-0.36652330455458604,-1.371860925603576,0.021098842228452756,0.5778466036254767,0.0,7.929019635330303,7.791084661746913
780,0.0,1.132794145432193,0.7861808721282861,-0.5586700845476548,0.14070951425760142,0.0,4.0,10.0
781,1.0,0.8348087825136619,-1.6701922433689815,1.3062631280992103,-0.11991488395315975,0.0,0.0,4.0
782,1.0,-0.5967543710941348,-3.6574463669660258,0.974404579768443,1.1784891020908952,0.0,13.0,8.0
783,0.0,0.9130386916913653,-0.29949207485125795,-0.14378450106087565,0.2675721476915995,1.0,15.0,10.0
784,1.0,2.0283122197525465,0.9996273909610887,-1.0579264544096108,0.03258478432623768,0.0,2.0,7.0
785,1.0,1.4456795849811388,0.5574568710153098,0.2686091648730552,-0.2947930433998962,0.0,14.0,10.0
786,0.0,0.3618267917828864,-0.5301505240158122,-0.045998169048884506,0.5234779387347327,0.0,8.0,10.0
787,1.0,0.9766122372046537,0.8054256085543767,0.1569671819814124,0.7239448318889598,0.0,9.0,10.0
788,0.0,0.9715682529524337,-0.6694876717426554,-0.5035763698341448,0.7545307158753496,0.0,1.0,7.0
789,0.0,1.9844313855010296,-0.3792803385029009,0.7361875142216411,0.7202077043072359,0.0,4.0,10.0
790,1.0,-1.2869709477595475,-2.8579007717959333,0.5031171776218574,1.6610079553613657,1.0,7.0,10.0
791,1.0,1.2016025936565393,0.21078404758460972,-0.9837771504168228,0.2689714002250211,0.0,2.0,7.0
792,0.0,2.219745235097168,0.5019932108107523,0.5069641910397259,0.32786370816472943,1.0,27.0,10.0
793,0.0,0.5605814380781149,-0.5877426882714858,-0.09628829268542685,-0.3926638332659709,0.0,1.0,3.0
794,0.0,0.3086153101361454,-1.505689074747547,0.7036355907910308,1.4630783869091608,0.0,13.0,8.0
795,0.0,0.18362076607516709,-1.1879068505202721,-0.13037005894174553,0.3825459776664227,1.0,6.0,10.0
796,1.0,1.5660416108862882,-1.0008164770807428,-0.22297766710551567,0.9722951205287145,0.0,5.0,7.0
797,1.0,1.7660850086655921,0.7417406761202681,-0.5188390416867515,-0.6551574277629894,0.0,6.0,10.0
798,1.0,-0.8779901480718155,0.1391992811000322,-0.5311399250489305,0.25680345481807315,1.0,4.0,10.0
799,0.0,0.7081218564963409,0.880212902970301,0.15643328718030422,0.4965189427118531,0.0,14.0,6.0
800,0.0,0.19929280967521307,-1.1863482309530782,0.134244651291971,0.06439467064226889,0.0,7.926887489208909,7.629564928154196
801,1.0,1.4484887207207569,0.22817009584456743,0.772080720420119,1.4217435033976025,1.0,9.913258161341204,9.540692452824473
802,0.0,0.4021002905101061,1.0598379287061532,1.6583265188339795,0.7889634257251492,0.0,9.485539546313689,9.52637146813188
803,0.0,-0.5185483686436587,-0.18824571678713917,-0.273108253484206,0.0023056950446690427,0.0,8.035368194490964,7.980787048464959
804,1.0,-0.8327086998034017,-1.580677734645601,-0.09100319798290281,0.3021697695594136,1.0,7.927006608402394,7.915454105804552
805,0.0,1.2819328729265322,0.1691845126996842,-0.4674884389425695,0.5319161309180346,0.0,8.854158234132994,8.307809201063591
806,1.0,-1.0049108774538296,-2.3045991369164023,-0.2303860535348414,0.14945575984309828,0.0,7.207667254248225,7.311957694352669
807,1.0,0.015845638567839826,0.41237330772989195,-0.33622145336314024,0.1736008835939224,0.0,8.539697882955483,8.564067469917049
808,1.0,-1.409093531842774,-1.4482092743225237,0.3849211728100228,2.539637544488798,1.0,8.969947691905652,9.294136795093745
809,0.0,0.9449404354600812,0.7482356658039042,0.6071219825790486,1.2342790868338087,0.0,9.521446113873262,9.27753882029948
810,0.0,-0.9769896206620645,-1.4721408759697758,-0.24319489456520227,0.3266570419866527,0.0,7.566424838892127,7.555677717710782
811,1.0,0.6549706641309329,0.06276354107476761,1.0460115204214735,0.3560041618950805,1.0,9.191615934584117,9.018790011382638
812,1.0,1.4113685356309724,0.6965767216163286,-1.886681176665421,0.40800009809640997,1.0,9.132804597479243,8.457795138880098
813,1.0,-0.21213987950338664,-0.74856479267483,-0.062155179057819185,0.2574664037773377,0.0,8.1096584071294,8.138302644480511
814,1.0,0.3415021623145207,-0.618802893498881,-1.0219315199361285,-0.046840297076031656,0.0,7.987134217906981,7.741225338449959
815,0.0,0.5309188184666803,1.079763648665384,0.9744242974660727,0.5395786595333365,1.0,9.576864986829912,9.34220055684357
816,0.0,1.9694691470961208,-0.03532036463033156,-0.31346963876022577,-0.539373961060501,1.0,8.764602700675173,7.820424987643889
817,0.0,0.7522226641002618,1.4848704335787242,0.6316837213391453,1.9882975931961155,0.0,10.123182998129883,10.03440083776123
818,0.0,0.8892487151868163,-0.41171900242188136,0.5710401010164318,0.913660040133262,1.0,9.180850785853684,8.68745500739061
819,1.0,1.0223279080676306,1.6459282412575431,0.13815709583298247,-0.4737084104463364,0.0,9.06861600514505,8.928895204568592
820,1.0,1.692806871510595,1.7238725972724531,0.2889366955883112,0.7351365607393994,1.0,28.0,10.0
821,1.0,1.056046154938477,-0.16952096898240285,1.0892721663753706,1.1551932337839546,0.0,10.0,10.0
822,0.0,0.3783772124678715,-1.7774887238175732,-1.55421050712267,-1.8876904984649143,1.0,15.0,2.0
823,1.0,2.010744935001558,0.050881189476963906,0.33587160070563815,0.619398647401408,0.0,9.240300184537183,8.752012055651972
824,1.0,-0.18404289304924293,-0.75588936447961,0.2959830471560244,0.8298795365314473,0.0,5.0,10.0
825,1.0,0.20686150151849197,-0.3874495544489656,0.5139095812010144,-0.15061621209681697,0.0,2.0,10.0
826,0.0,0.8956710267297654,0.16636632468088036,-1.4807381658295058,-2.44977368646129,0.0,9.0,4.0
827,0.0,0.7973558275757561,0.29175240374728156,0.6865323225228812,0.5038888277858421,0.0,10.0,10.0
828,0.0,0.3000127367971302,-1.37051972113956,0.4339882702767612,0.5793988640654453,0.0,5.0,9.0
829,0.0,1.150658740794507,0.15278809293315376,-0.23445813942691812,0.3470444497098473,0.0,1.0,3.0
830,1.0,0.8549668262320334,-0.04937465456300277,-0.021179947958233473,0.35945097353956196,1.0,12.0,10.0
831,1.0,0.5643965604319789,-0.8683813662442528,-0.005192831691455794,0.26257667971303866,1.0,7.0,10.0
832,1.0,0.9364800732158756,-2.174363474089175,-1.0913464992776591,-0.5831433466939068,0.0,9.0,3.0
833,1.0,1.8433578382500857,-1.3772193314814685,0.3249996227301195,0.9092654433731309,0.0,17.0,10.0
834,0.0,1.3275948226606586,-1.6617331919560376,-0.11584252216009508,0.6176873574593144,1.0,8.0,5.0
835,0.0,-0.29077090348474,0.0880919047658657,-0.8697965219198021,0.4263198417013454,0.0,9.0,10.0
836,0.0,-0.06018023228513658,1.0943352212407549,-0.5484513539730631,0.7173547924480286,0.0,5.0,10.0
837,0.0,0.09162218274704576,-0.7131999062856083,-0.2313155659388306,1.1804064199459594,0.0,2.0,7.0
838,1.0,0.21568672842221026,-0.7657154458546738,0.08955430200228108,0.6970402055215263,0.0,6.0,9.0
839,0.0,0.5811448042615693,-0.49779242255075584,0.07211860716478785,0.20655178733745877,1.0,2.0,9.0
840,1.0,-1.246496257708453,-1.0576072919294273,-0.8954471492898898,-0.379869267347025,0.0,25.0,10.0
841,0.0,-0.9836547740219537,-0.917623605107871,1.701164706543292,2.024950572430585,1.0,7.0,10.0
842,0.0,0.123257144449465,-1.5026939537269166,0.11419824016902132,1.831257371949805,0.0,4.0,10.0
843,1.0,0.10202832026598174,-0.6888041750275751,-1.7877449977623494,-0.07869771557520344,1.0,19.0,8.0
844,0.0,1.8532883815627534,0.4931658350023476,0.5671537161894527,2.0767077142709613,0.0,16.0,10.0
845,1.0,-1.403218587393382,-0.7670768285828892,0.7432971894804321,0.8240224625151059,1.0,3.0,10.0
846,1.0,0.02333324133833814,-0.47200787148059764,0.0038375137540952293,1.5773786304437176,1.0,5.0,6.0
847,1.0,-0.16811635823270943,-1.0979290530894532,0.35695401835676016,0.35676302554449313,0.0,1.0,7.0
848,0.0,-0.9965125326353002,-2.0144107492137953,-1.6114131779900895,-0.44993092716846517,1.0,23.0,8.0
849,0.0,0.8277468277659237,0.3743946157804096,0.20769551787599694,0.7003450367997558,0.0,1.0,7.0
850,0.0,-0.23657195764861094,0.18226026898272757,0.049065175410550166,0.6027310012057399,0.0,4.0,8.0
851,1.0,1.178970837985311,0.4587646542962999,-0.010535145276497633,-0.08554972381154768,0.0,1.0,9.0
852,0.0,-0.7169571749431478,-0.8579831382534964,0.2614613596908859,0.8249472212674592,0.0,9.0,5.0
853,1.0,-0.05191340535225519,-1.7213658643193295,0.5602430690492155,0.44825506758986416,0.0,9.0,5.0
854,0.0,2.076784995633525,1.2947994728266659,1.8125855130557331,2.584088266597934,1.0,27.0,10.0
855,1.0,1.3239492183533836,-1.3743336183686081,-0.3198997336794454,0.718284612140374,0.0,4.0,8.0
856,0.0,1.4411117230335992,-0.2306804158633029,0.44826281151327085,1.2519790750954478,0.0,3.0,10.0
857,1.0,0.04353217439149376,-1.0124016824704678,1.719551240214434,0.9589316885347712,0.0,3.0,7.0
858,1.0,0.09337189020865011,-0.7949751826272221,-0.15774160653455954,1.1973898691248843,0.0,6.0,10.0
859,0.0,0.5739696584534013,-0.558673548370461,-1.087687844566878,0.6279712353356379,0.0,3.0,9.0
860,0.0,-0.6137987387943533,-0.6658080702202498,-0.8656328530595873,-0.516458890324169,0.0,15.0,8.0
861,1.0,1.5888188234871288,2.6767125122106417,-2.566274883575714,-1.8884255333055253,0.0,10.0,8.0
862,0.0,0.8092966200846226,-0.02113519731557245,-1.3069135758975305,-0.7405426836281938,1.0,1.0,5.0
863,1.0,-0.6121454801973685,0.7556418482643381,-0.10162218540107126,1.4148192166287135,0.0,9.0,10.0
864,1.0,0.7232409035504597,-0.9131697989828531,-0.873233233819198,-0.49611452214954965,1.0,8.0,8.0
865,0.0,-0.3273940422175132,0.3553657053170946,0.3432914098742485,0.6569810481532735,0.0,8.0,10.0
866,1.0,0.06133863491405622,-0.2092192985512334,0.2013170423244362,0.6238264136156887,0.0,5.0,9.0
867,1.0,1.3898742084251592,0.15309394549612515,0.11833606859528763,0.4588283113162528,0.0,10.0,10.0
868,0.0,0.40274708983042756,0.11075889951860235,-0.3137241506585031,0.21840733635672455,0.0,2.0,10.0
869,0.0,0.48258395672231147,-1.9683668561761596,-1.71476945179178,-2.3615001078324496,1.0,23.0,3.0
870,1.0,0.3506126060404843,-0.7519147104278912,0.9823022220626473,1.1326066603810359,0.0,8.853218049151963,8.878213460678534
871,0.0,1.155462882709813,1.0028153510394555,-1.1703186679763273,0.11679023684804485,1.0,9.1210864423715,8.432007523262316
872,0.0,0.29285038872213665,1.1437762282425978,-1.6703740814703538,0.7793378437527277,1.0,9.176705829091325,8.722961530609526
873,1.0,-0.8214030235285332,-0.47687222298227705,-2.129467738445263,-2.1127573429772912,0.0,6.57255427159273,6.454785552813923
874,0.0,0.4081161082217608,-0.13320951802212694,-1.2467412116257175,0.07995969603458852,0.0,8.156344829118801,7.7283192563429255
875,0.0,2.61269423671111,1.3602622437361473,1.6027726892293108,1.7165102306091415,0.0,10.599454913654643,10.058644998990621
876,1.0,-0.37754367606460537,-0.6377446129094801,-1.8210173109288126,-0.3104880141656283,0.0,7.526531022279778,7.38404234140477
877,1.0,-1.3753342701712636,-1.1056528590093473,-0.21756725959459805,-0.5272254501973613,0.0,7.2717410713119,7.554923902781126
878,1.0,0.08907549508315288,-0.7882644227071396,-1.8673926153979428,-0.16570788843531836,0.0,7.646581487812741,7.3570449861224905
879,0.0,2.037265045319658,0.752542874803102,-0.05808963912971411,1.0707273140588103,0.0,9.607053818558926,8.9617795554661
880,1.0,1.4500532341242656,-0.14211737422819445,-0.41860617341837136,0.4490878135369769,0.0,8.803362121464664,8.367241722994958
881,1.0,0.5861234973421477,-0.31872367088974285,-0.8837311874586019,0.92688916112983,0.0,8.652100708202726,8.420634192797548
882,1.0,1.8063414032504423,-0.8572981208769381,-0.43806113688204046,0.43542419273048916,0.0,8.601457619386592,7.998852945237484
883,1.0,0.8216883735253049,0.5915551197435891,0.5712856208236268,2.6772256466776074,0.0,10.159653726656574,10.183613156556238
884,1.0,1.2537079114864844,-0.486312154761614,0.4877685208627917,1.1385721016070764,0.0,9.104327976613053,8.832310925738962
885,0.0,0.8934105485452382,-0.5249895690074649,-3.222543980855196,-0.5489663064306961,1.0,7.764437373613226,6.756568548545755
886,0.0,1.6393446151987376,2.3859352059849037,-0.4063953080572801,0.3426708589819847,0.0,9.746997468077465,9.281126364296842
887,0.0,2.5272930404902167,1.7985685640930031,0.44446879626204355,0.6236767509307005,0.0,10.02813104340237,9.365603154517125
888,0.0,0.28034153663163996,1.6143527615561681,-0.7808790780119416,0.4213021177708852,0.0,9.061065602171915,8.886091407629326
889,0.0,0.9281791786122717,-0.9270864832281827,-0.007640383052557402,0.6519147275034956,1.0,8.758960773438133,8.132388782926522
890,1.0,2.9513941996113715,-0.4620356464744185,-0.2109076922514099,0.465146982629429,1.0,16.0,9.0
891,0.0,0.5830214621440394,-1.5794898409978566,-2.2048887787387836,-0.8389368272231988,1.0,4.0,4.0
892,0.0,-1.416251238519663,-2.5696894050002554,0.07071635345011584,0.8221638824729385,0.0,18.0,10.0
893,1.0,0.3848278582879316,-1.2262049781785227,-1.5842799634962526,-1.8885911157354833,1.0,15.0,5.0
894,1.0,-0.08846758231359253,0.005616195468234719,-0.5808426760117745,0.04251157914447967,0.0,8.24578336464488,8.232189975020447
895,1.0,0.8288331015936187,0.17783326971415742,-0.13296043432665958,0.2398760252336175,0.0,0.0,9.0
896,1.0,0.2624881075902997,-1.2104957939297138,-1.087527362074219,1.1275808235085742,1.0,3.0,10.0
897,0.0,1.9611504061156002,0.8523755782693361,-1.3681897878700175,-0.7216144425158281,1.0,4.0,10.0
898,0.0,0.8756436095350293,-0.022193928963561982,-0.8353971444675975,0.4042490616938481,0.0,8.54736679897778,8.054895953464174
899,0.0,-0.4477502774437164,-2.3884512103345577,-1.546847532206423,-0.9720010160249674,1.0,17.0,3.0
900,0.0,2.022739136017213,0.4107768083598549,0.37002780049178413,-0.17054368806200304,0.0,8.961006227479956,8.283890512521104
901,1.0,-0.19508124179178266,-1.4457445848818267,0.11245876882002034,0.38741664525597364,0.0,7.930251290716309,7.921479561429182
902,1.0,3.144994959070039,0.6561278509390656,-0.3228120726447576,1.6236096474127057,1.0,25.0,10.0
903,0.0,-0.17830316757703846,0.13544026974415763,-0.7105160345332773,-0.40807340648097856,1.0,8.270219015979727,7.925188242705742
904,0.0,1.1021361138212442,1.3273516821478568,-0.11571300889463833,0.08292522597758756,0.0,9.11935832817058,8.742488870090224
905,1.0,0.42243386973750985,-0.9059437691221814,-0.33805834224137377,0.8066111844517354,0.0,8.419024742588912,8.243238759118523
906,0.0,-0.754512716081291,-0.5645733586983548,0.08340468179341047,0.609126438476716,0.0,8.175313427021457,8.226550520085892
907,0.0,1.3485683232677594,0.653065734852943,0.8792940558029526,0.8024046173345847,0.0,9.433391124620792,9.07574881638918
908,1.0,1.7937860007443356,0.9969559603566871,-0.17507213416115883,1.2972627414451678,0.0,6.0,10.0
909,1.0,0.6255524835461101,0.14462133331712218,-2.4056306081828516,0.1753309482878041,0.0,12.0,8.0
910,0.0,-1.0193722515766248,-1.7384231265885572,1.0144500290629208,1.4962028274658965,0.0,9.0,6.0
911,0.0,-1.1609879625444377,-1.0545018788150367,-0.4507881667490907,0.45099665943607425,1.0,3.0,10.0
912,1.0,-0.6180600584606746,-1.4029003636595656,0.09050150081875352,0.6909484171129591,1.0,0.0,10.0
913,1.0,0.45093848068287506,-0.04613314517978795,0.14404790778191653,0.16549299961536562,1.0,4.0,7.0
914,0.0,-0.22569621330313538,0.7731853130356856,-0.3739232083102299,0.2398623410536005,0.0,2.0,4.0
915,0.0,0.5983334740660635,-0.7975595926659876,0.6281054841833227,0.4121080025600047,0.0,0.0,3.0
916,1.0,1.4153039041963265,0.1267439794805016,-0.14770451560152664,-0.3086230798177212,0.0,1.0,10.0
917,1.0,-1.5384603514247948,-1.8813063445446878,1.1248718569301581,1.310684056590927,0.0,4.0,10.0
918,1.0,1.858515731289114,-0.1592676237927759,0.7617399983064073,1.277842254566493,1.0,31.0,10.0
919,0.0,-0.6121980864981036,-1.3745521924706203,-0.029678001488401138,-0.07419978717511644,0.0,12.0,7.0
920,1.0,-2.363290564306369,-3.649868515980051,-0.501540297942696,0.38915601588598586,0.0,6.388850056433917,6.75497427407333
921,0.0,0.885543831786856,-1.4651975248109848,-1.1290111741457298,0.17956784165904582,0.0,7.819063340878937,7.158543230390145
922,0.0,1.117800218346804,-2.4875246446374892,-0.1984809186496234,0.505881115866803,0.0,7.7948279360117185,7.103066370766112
923,0.0,1.5393374269006452,0.3551303737768408,0.04958710312026293,0.5626404208307193,0.0,9.101811730253047,8.557176115615684
924,1.0,0.4256058952859823,0.6758199564763967,0.7838250958287571,3.0540569832327376,0.0,10.306871250984432,10.494771917801733
925,1.0,-1.1964218225801284,-0.521941537838936,0.8936441530964926,1.3873315320409172,0.0,8.650483868961443,9.146064103503486
926,0.0,-0.4255468824042332,-0.013645680122621184,0.4594585863919625,0.8905306266042854,0.0,8.678592520819802,8.736568149206937
927,1.0,1.2317826673982875,0.6662109633085218,-0.08000378017893475,0.568919296068812,0.0,9.185217446006577,8.924872695111825
928,0.0,0.9099593308296228,-0.6691665803308215,-0.06622770659561442,0.6428125532154096,0.0,8.550669857787042,8.093420674310885
929,1.0,1.4630284356653678,-0.9236593665718604,0.10709206250101758,0.5653652699189223,0.0,8.646359222817876,8.206744854115943
930,1.0,2.2440886527520814,2.03681345775588,-0.38080026144911766,-0.11051135861729733,0.0,9.615013719813959,9.109632577155395
931,0.0,0.1647788560949911,-1.0035683804195275,-0.6225648522414065,-0.25216006325807494,1.0,7.996032294567661,7.472909118363161
932,1.0,0.34435213236425144,1.563146425827524,0.04331434658599738,-0.1748213754053105,0.0,8.984989446879545,9.038199345169511
933,0.0,-0.2927458100139244,-0.9072124131266346,-0.4064300142957624,-0.18010050523801246,0.0,7.698473854363064,7.494211804686428
934,1.0,1.3276371191098626,-1.3522393002291573,-0.3362319138455756,-1.599909053385879,1.0,7.6338643507829,6.898145509821534
935,1.0,1.8063045011328325,0.3606777987225804,0.2082998762599298,0.7238020605524661,0.0,9.336679504612741,8.923912148746785
936,1.0,-1.266998705186469,-0.12471164129762019,0.3319311932695943,1.1111858434299031,0.0,8.558575514573786,9.030699927452295
937,0.0,0.027952759732241872,-0.14837909246064576,-0.7436311638354279,0.3566881029602083,1.0,8.56457136846734,8.166864426621409
938,0.0,1.1188632622317103,0.9884535460450807,0.07301109460621338,0.12129638056240266,1.0,9.332405757159835,8.796178539704217
939,0.0,-1.277161208769189,-2.669745083758866,0.0827665949273546,-0.8923673908196973,1.0,6.790643093869873,6.599004858211954
940,1.0,0.4296048730014453,-0.8732539880732375,0.946024335928519,0.826140170366106,0.0,3.0,10.0
941,1.0,2.0407868573960504,1.223188117331207,-0.5372897144449384,0.5364366403242538,0.0,18.0,9.0
942,1.0,0.8351843312008069,0.032426042158920365,-1.6124269906350377,-0.6855205495330424,0.0,13.0,10.0
943,0.0,-0.49544295741191646,-0.5529681034001364,1.4937832528719464,3.396036521998733,0.0,4.0,10.0
944,0.0,-0.060921851247807135,-0.8285537835326889,0.2874729956021039,0.8039739780914507,0.0,0.0,10.0
945,1.0,-0.7508936124296393,-1.3804567561050411,-0.22622466528718121,0.04813029643292388,1.0,15.0,10.0
946,1.0,0.4074164180869359,-1.137231347011972,1.7552667776960085,1.2342672034159874,0.0,0.0,10.0
947,0.0,1.3118585755472327,0.7548949644465219,-0.12480134531998963,0.18349656498707662,0.0,6.0,10.0
948,0.0,-0.4650093867908447,-0.4601798286528387,-0.2338929598823986,0.16829027827480403,0.0,1.0,10.0
949,0.0,1.5425434778192546,-1.0986103331538972,-2.154758085892437,-0.7099879485671093,1.0,16.0,7.0
950,1.0,0.3260864819775924,0.9794686923407578,-1.019088173723803,0.13783606643970975,1.0,0.0,7.0
951,0.0,-0.8409575589229679,0.44107265433728776,-0.23227217216489107,-1.494874896738101,1.0,5.0,10.0
952,1.0,0.9882241484251106,-0.7195967290658629,-0.10281967467767414,0.32524909147384834,0.0,3.0,10.0
953,1.0,1.043099874611173,-0.05160891198681394,-0.4288476117707065,0.11396896482335078,1.0,6.0,10.0
954,1.0,1.6124893322905414,-0.43242328342337133,0.0780760984110164,0.34072806219003937,1.0,4.0,5.0
955,1.0,0.4455564047353684,0.9037315007556146,0.9937805439996408,2.219196373237752,0.0,23.0,10.0
956,0.0,-0.12378316697229197,0.29279823647472353,0.5444274010002428,0.7967568554724738,1.0,12.0,10.0
957,0.0,-0.43785027608436367,0.7513229650429263,0.4240269127121466,1.4557545265196716,0.0,7.0,10.0
958,0.0,0.8646073428720896,0.07959686222226692,-0.2979469777966587,0.30901642851744393,1.0,5.0,6.0
959,0.0,-0.6170887905606024,-1.7208390975417107,-0.8015296979894493,-0.007504934733348123,0.0,25.0,7.0
960,1.0,1.3879001990782778,-0.024951131658984216,-1.0512624762218095,-0.3766463089066304,1.0,9.0,10.0
961,0.0,2.137997623324758,0.2095279677650434,-0.05289752634565651,0.17624283901177007,0.0,1.0,10.0
962,0.0,-0.8153705069096684,-1.1648086626999627,-0.5187734658100619,-0.2516947765948291,0.0,19.0,10.0
963,0.0,1.5731176631400203,0.6592836922591241,0.1326299295397121,1.0332334119089341,1.0,16.0,10.0
964,1.0,0.1675019971672016,-1.6632184668573324,-0.032915865863777975,0.8423503093750668,1.0,0.0,6.0
965,1.0,-0.34593463589948126,-1.0862308717341251,-1.4487867379358104,0.23064587423168104,1.0,14.0,5.0
966,0.0,0.6657345486860831,-1.8023442672757957,0.07412863024204587,0.5061963560620406,0.0,0.0,3.0
967,1.0,0.2863486709826487,-1.287921539267702,0.5929173159515155,1.4294889296575997,0.0,8.0,10.0
968,1.0,0.2029297263526073,-1.7290132842034247,-0.5199188712520028,1.483929967235337,0.0,6.0,8.0
969,0.0,0.37931554183338084,-1.3233538087246073,-3.573434099570027,-0.38973182884640767,0.0,30.0,5.0
970,0.0,-0.7329807081578639,-0.20537471236872276,-0.46556719868372864,0.4261419736650386,0.0,0.0,7.0
971,0.0,0.04540006738528657,-0.13763449066866548,-0.9390313548767774,0.23894047600946056,1.0,8.48266459749799,8.052900990445874
972,0.0,0.9780538128688132,-1.2561122367654391,0.6264667808381214,0.03237080013619764,1.0,8.464216252663544,7.840269533088403
973,0.0,0.8628572831236373,1.1637392996907605,0.9658377358708409,0.6404045580595015,1.0,9.741401814053196,9.420875890132658
974,1.0,1.0454618929839008,0.5037653055670976,0.8057551437470437,0.6592541043573313,0.0,9.275199050629727,9.161552125201927
975,1.0,1.867615838118671,0.41204644174654687,-0.06558577548843285,0.961138652480803,1.0,9.72609302628393,9.129556432724879
976,1.0,1.0135004727824155,-0.4757118984412606,-0.09704161633388843,1.5807732936278467,0.0,9.149326471228514,8.900888316946379
977,1.0,0.22430172573412538,0.8472422113986522,-2.8272950977926263,-0.5903266512439852,0.0,7.956883172139736,7.635308728531892
978,0.0,-0.03431464954940666,-1.2107903683776313,-0.775385781250318,0.33638503225114535,0.0,7.821002361153989,7.497211027030188
979,1.0,-0.5473713241368701,-0.8994354914484533,-0.05123088834386767,0.10817217373745314,0.0,7.895367149518456,8.003272368621767
980,1.0,0.4801498359715855,-0.24299342349651815,-0.01886884187907374,0.9030567570919937,0.0,1.0,7.0
981,0.0,-0.22636110838193735,-0.7601113193399203,0.4264948242770578,0.3276741639516789,0.0,5.0,10.0
982,1.0,-0.6700258448475609,-1.484520709456924,0.9145940363698145,1.905016570113205,0.0,4.0,8.0
983,0.0,0.7966817644727974,0.5198203521394262,-0.17788282208449152,1.355856361520811,0.0,17.0,10.0
984,0.0,-0.44139786628719513,-0.9258876626187758,-0.284819477766,-0.054592455212466806,1.0,9.0,7.0
985,1.0,1.0081745986503563,-1.045417982423097,0.4761910843434184,1.2049259287495682,0.0,3.0,10.0
986,0.0,2.200871466107272,-0.7618159781593377,-0.8347347225411524,-0.7841169387558239,0.0,9.0,3.0
987,0.0,3.129627998038644,-0.2489714173031362,-1.6787438172749403,-0.28319134964233217,1.0,3.0,10.0
988,1.0,1.6442222537475477,1.196158313006844,0.3502975341563077,-0.13931966243285543,0.0,3.0,10.0
989,1.0,1.1031105271325068,0.2032933899050367,-0.16846277402459056,-0.5273998659611169,0.0,2.0,8.0
990,1.0,0.8175326729761503,0.7322537814520442,-0.29296722414899257,0.6507255715234498,0.0,9.104961992131956,8.949826568321019
991,0.0,1.0450281934899535,0.765689238444951,-0.577512523060597,0.6310938355865665,1.0,9.34760104032126,8.762509136130529
992,0.0,1.7037614398704228,1.995840489203051,0.1864012794192369,0.4585492102411951,1.0,10.061372394150748,9.468061517565042
993,1.0,-0.3434819516167775,-1.0425069393392055,1.2235244722317549,2.24133500890135,1.0,8.0,10.0
994,1.0,0.16109430083330023,0.39359171890373407,0.369147176608542,0.6645071947845809,1.0,9.218849749292428,9.153529232923226
995,0.0,0.14591189614544364,-0.5204478253629857,0.33861240320679575,0.6978295704423406,0.0,8.512106154174766,8.33865759396311
996,1.0,-0.0980806154098336,-0.8000699579579191,-1.0528538661667413,-1.1822557345136593,0.0,7.262427031403694,7.0737099344657635
997,1.0,-0.5768156650320586,-1.3417926922004082,-0.35350539934213876,0.02576235619135725,0.0,7.619090695690117,7.659857346554106
998,0.0,-0.14366694532368385,0.6738676086932143,0.005343806344190749,0.48471004988717126,0.0,8.750806365496537,8.713664055723198
999,0.0,-1.2231221323712782,-1.775075163292043,-0.551668834002032,-0.18217642589093808,0.0,7.0879590220092314,7.06459208903882
